Wallet,Pending ALLOY,Pending JUMP,Formatted Pending ALLOY,Formatted Pending JUMP
0x005103734019b472056C6BEa076dc3e565Fa3dd9,2.170379420375482e+21,434075884075096400000,2170.379420375482,434.0758840750964
0x0084f1798082146a3182AAa26A72A11f78AC7E2A,947132457351280100000,189426491470256000000,947.1324573512801,189.42649147025602
0x00c66C751732Ec2ae7B678d5e40c0593949a1351,545000493671224700000,109000098734244940000,545.0004936712247,109.00009873424494
0x0152C9090583716449ac6AB63c3Cb29220175e8f,72103556316959920000,14420711263391984000,72.10355631695991,14.420711263391985
0x01c43f6B7E2f4D6c9A63C55bC49b1627Ae3Bc463,1.0195857833430121e+21,203917156668602420000,1019.5857833430122,203.91715666860242
0x01e10182e08cF1400165ECdEd27d654E21260598,33628311816957180000,6725662363391437000,33.62831181695718,6.725662363391437
0x0207cd3C1c50E01cc836a5BcA276Dbe9a9607494,920674639922353100000,184134927984470620000,920.6746399223531,184.13492798447064
0x0254e6d5cc67C26748EFdB2D4C5f43F93cF694D0,88858274526930140000,17771654905386030000,88.85827452693015,17.77165490538603
0x02989Bd6493FE11Bef9F0c7249c6ee466EA417B9,3992129541806288000,798425908361257600,3.9921295418062877,0.7984259083612576
0x02AB69E61f7caF7025258Fb2047776AcA0a151fD,12216209394718546000,2443241878943709000,12.216209394718545,2.4432418789437094
0x02ba594343B72D9FA510E680D919B318b6F3E012,513967596691112660000,102793519338222530000,513.9675966911127,102.79351933822254
0x04062ad8EdcDBE43195Ba51FD1F54819Ba5CAA94,31216878427861220000,6243375685572244000,31.21687842786122,6.243375685572245
0x040F8B67E22eef19809E1DC04Da3913F136838D0,28523312431974048000,5704662486394809000,28.52331243197405,5.70466248639481
0x04897c101230f43A148850aD0F6C7910c8e92ddC,46335865899614950000,9267173179922991000,46.33586589961495,9.267173179922992
0x050c78b12A14aC58833C4799080449F285F460c2,447241896040953150000,89448379208190620000,447.2418960409532,89.44837920819063
0x05a0fCd4af724DFC51Ba32114be70d5a837370Ef,411298571215266400000,82259714243053270000,411.2985712152664,82.25971424305327
0x05A30CC0e108606fa036023D09dD8a1a7aD8E329,2148040989751014000,429608197950202750,2.148040989751014,0.4296081979502028
0x05ffC1aa6133f6f777b589d0087ca88598df9e82,58101557628962010000,11620311525792403000,58.10155762896201,11.620311525792404
0x0634A0414F654f1582DFf2685a9447466B6e63aC,314349909572074730000,62869981914414950000,314.34990957207475,62.86998191441495
0x0681661dc92E748a74a1310285431EeAC0422976,3125912275456422,625182455091284.4,0.003125912275456422,0.0006251824550912844
0x07197EBFF88dbF51924e845963ec783Ad20E4FB5,3.141483142100512e+21,628296628420102300000,3141.483142100512,628.2966284201024
0x0795aF1757Ee7ffd39F43be0440601ee4Ee72CFb,2.134056436222276e+21,426811287244455150000,2134.056436222276,426.8112872444552
0x07df4A7B2E156763a6259FD038f4d1461880c18a,217362767891123000000,43472553578224600000,217.362767891123,43.4725535782246
0x0847EFF1Bd5d62EaB9c187B936dC96190fA4E7E1,3397244239142229000,679448847828445800,3.397244239142229,0.6794488478284458
0x084c4F99Bd5a6cC37586A8915396B69aDFE7084f,206759189425175560000,41351837885035110000,206.75918942517555,41.35183788503511
0x08a14fe1eC175968342f754C6b8FB36eE12Bd0b5,97002836686030590000,19400567337206116000,97.00283668603059,19.400567337206116
0x0952ecc0080Ed9A0cBD5839a3CC6758b85C3a835,348848666888373300000,69769733377674660000,348.84866688837326,69.76973337767465
0x0a2d3Dd46E44AcEC0DA085268502880bB384bCC0,214608957011659520000,42921791402331910000,214.60895701165953,42.921791402331905
0x0a60cCE8D8b91e06e01f344dd16d4B8697b3795E,146950868720131850000,29390173744026370000,146.95086872013184,29.39017374402637
0x0a9b181Da5D4a4a53b89f2E6CFf08BaEEE43De6c,299184038445246300000,59836807689049260000,299.1840384452463,59.83680768904926
0x0b01b5d3483fD5d40c93490ED2f9E12634073BE7,366891782873487500000,73378356574697505000,366.8917828734875,73.3783565746975
0x0B2E4afeF808E1CeAEb240622135d4B71DBAdbEF,210692814756586980000,42138562951317400000,210.69281475658698,42.1385629513174
0x0B48D1e6cEB12fa1643385A1aaec0cb7B2CeC73b,908567912942904300000,181713582588580860000,908.5679129429043,181.71358258858086
0x0b7F08CDacDAa6E0b9f8e7b114d41161EE96f0b0,2.3222863054192792e+21,464457261083855800000,2322.2863054192794,464.4572610838558
0x0BCB211Be061d5eb3C4308Ba741BC401c9F217f2,73133386416173420000,14626677283234683000,73.13338641617342,14.626677283234683
0x0BD10F96958D31Ee0353Ac4F617D7c08323c97d9,624062509383587700000,124812501876717550000,624.0625093835878,124.81250187671755
0x0c22EfA4259297DDC30BC744695315ce83e58adD,325711126999545300000,65142225399909060000,325.7111269995453,65.14222539990905
0x0c8C84B804066fD8977A77C7B4302A5b8f58A29e,2.111703768056195e+21,422340753611239000000,2111.703768056195,422.340753611239
0x0CE56280BF51dC8211952C3522D4E1CE917319A6,12063136388399022000,2412627277679804400,12.063136388399021,2.4126272776798046
0x0dea1C278Fc9cA793e31FDfc893E38031d1C62E3,107485657843583940000,21497131568716788000,107.48565784358394,21.49713156871679
0x0dFBf3B041b2f318Dada1933c8d11f8613E4807E,36995862127890555000,7399172425578111000,36.995862127890554,7.399172425578111
0x0E6613a0FFdDb04D2E37E476949E744b5D9c8C7C,113689524695685070000,22737904939137016000,113.68952469568507,22.737904939137017
0x0F45888184E3C53D373a91C9C261683Bb49a6025,104219103040140480000,20843820608028094000,104.21910304014048,20.843820608028093
0x0f5aB2B1E8C8bd006998FBEf515513F9779f04f6,745175251219636600000,149035050243927300000,745.1752512196366,149.03505024392732
0x0F7594474Db81B82a80DE108044A837eA1E88EE0,43650059272431420000,8730011854486284000,43.65005927243142,8.730011854486284
0x0fD123C80dFbF028e293205D5b8D25451b4725F9,71079368538647920000,14215873707729584000,71.07936853864793,14.215873707729584
0x101361ce9ffbF82C95402212E81c76877f469C19,51494343536537240000,10298868707307448000,51.49434353653724,10.298868707307449
0x106eB003AC4B88643b64769Db1695b716B722428,134495179116627380000,26899035823325475000,134.49517911662738,26.899035823325473
0x10723501AE254d4a0757Bff7C0B284944Ddd47f1,835889493207444500,167177898641488900,0.8358894932074444,0.1671778986414889
0x10e16700d6fcB07B7556ECcF617DC0882E42e5ab,2651009189859355,530201837971871,0.002651009189859355,0.000530201837971871
0x1197f1D2b8B6FC2d2a799B6Cbf2eC2e14be550AE,6547631499213664000,1309526299842732800,6.547631499213664,1.3095262998427328
0x1332d99E6ea44C2904009cDcBF8CE215477ce102,19297078666341286000,3859415733268257300,19.297078666341285,3.8594157332682575
0x13703a9A9eff368a28976EbFdcd0283185839C26,132319472404845430000,26463894480969085000,132.31947240484544,26.463894480969085
0x13a658496632f1535Be70A7993181CD4590E978c,91586682297287700000,18317336459457540000,91.58668229728771,18.31733645945754
0x141aDc1feB573278a0C50c80EAF73c07DaE8FEB1,41150417737942990000,8230083547588598000,41.15041773794299,8.230083547588597
0x148F475519717621dC21779F7fC77f965c01eF74,3.3196979480616396e+21,663939589612327900000,3319.6979480616396,663.939589612328
0x14D61b17017530C52e42A50A9B1638C892A823Ad,20393354410373153000,4078670882074630700,20.393354410373153,4.078670882074631
0x14Fd64e687EA86ECE0EdC446275b1E0772F5a6bb,315783655833365250000,63156731166673050000,315.78365583336523,63.156731166673055
0x156c5f1A9B96aBb3Ba999F5a912FE10264e3Ff17,10544058537333813000,2108811707466762800,10.544058537333813,2.1088117074667627
0x15EAbDfffffB9234203aB1A67016AaE14D4D3CC4,329571665526909800000,65914333105381966000,329.57166552690984,65.91433310538197
0x1666A0C2fA768a92298D06d4D39fA2aEd151c90f,867130602330641000000,173426120466128200000,867.130602330641,173.4261204661282
0x16FA8FE586fAA4aEF3EE14A52E0e990e366B7fE9,101010093998043040000,20202018799608607000,101.01009399804303,20.202018799608606
0x1735A09531BCE3cCa43475F36A08be25035FB1b4,188757170355688800000,37751434071137760000,188.7571703556888,37.751434071137766
0x179087AbdE21dE85eFBB9195149dFb7b9E9eD758,13782638843714110000,2756527768742822000,13.782638843714109,2.756527768742822
0x18606745Cf9AB9C4aDA2ec1aeC2A526bb3764823,2.1146175880402908e+21,422923517608058160000,2114.6175880402907,422.92351760805815
0x1868979aF8aB86e0B15E9252D990bd62856C86CF,3939651405628656600,787930281125731300,3.9396514056286565,0.7879302811257314
0x18E870C3EAc9be4ccbF6D82F3D8f6Fba9f866f32,165791979020341480000,33158395804068295000,165.79197902034147,33.15839580406829
0x19C0270b3428649508c9Db2e317E13dce73CeE55,432116833328197300000,86423366665639460000,432.1168333281973,86.42336666563946
0x1A16627287e3658648E89D5604071ff8e77ff2f3,26118970272121790000,5223794054424358000,26.11897027212179,5.223794054424358
0x1a4AD9B395f081FB46c88094b3CBd3C967587EE7,536457984190880400000,107291596838176080000,536.4579841908804,107.29159683817608
0x1Ad9Af11D439EDc3A5c553f2fA4f85366e6db5d4,177060852983945760000,35412170596789150000,177.06085298394575,35.41217059678915
0x1B0a6d104406d87230C7D7bD527b76254E42e417,92732395205379960000,18546479041075995000,92.73239520537996,18.546479041075994
0x1BbdA66f7c35C0C032402FB8C08Ab2E7f536Aadb,35052736950396520000,7010547390079304000,35.05273695039652,7.010547390079304
0x1be6E4A5577390eD2882938DD19da519Eab43D12,59463435675884960000,11892687135176993000,59.46343567588496,11.892687135176994
0x1Ce99932fD278E00911814dC4bd403e1293d8ED2,176762544593146680000,35352508918629335000,176.76254459314669,35.35250891862933
0x1D1E7AbFFE36D3ccC84866FBcEc8Ac050AE19D1A,3287159210683098000,657431842136619600,3.287159210683098,0.6574318421366196
0x1DD705eCd60CD1778fC6c4a28113A21f1c9f319f,33837366567118713000,6767473313423743000,33.837366567118714,6.767473313423743
0x1ebdc74Fa34E03b6aDd433Bc61C7d99a0E35850c,293814671163091580000,58762934232618320000,293.8146711630916,58.76293423261832
0x1F845386287CCB4eF124d936F2e3205B4d79e27F,1.9905139518910885e+21,398102790378217700000,1990.5139518910885,398.10279037821766
0x1fAA15fa897DE99b66Fd62F1348a2EC2de5D536d,24273774445674200000,4854754889134840000,24.273774445674203,4.85475488913484
0x20144C31d380Bdc127dd76422A5627b41D4ccA1F,1544384291216547800,308876858243309600,1.5443842912165477,0.30887685824330957
0x20557147BdBc0D203dB8C5fd252AbA4385120Da7,424828069189086900000,84965613837817380000,424.8280691890869,84.96561383781739
0x2068B0B56d0a3dEB2C5493690A5B5349C257F59C,353155154851012740000,70631030970202550000,353.15515485101275,70.63103097020254
0x206d3122815Cc97c8B325ab8F521099A049b2705,2198036175997169700,439607235199433900,2.19803617599717,0.4396072351994339
0x21b1fEDbE2BCA19CfA2507ca8b6e14849002932d,89750495109231150000,17950099021846230000,89.75049510923115,17.950099021846228
0x21fEb61fC7308d024B00A6BFb54A499f2b21C109,90743350575345570000,18148670115069112000,90.74335057534556,18.148670115069113
0x22668bc75dEc80CE8CA07D1Dd58EB796A3A5f72D,137695523957116170000,27539104791423234000,137.69552395711617,27.539104791423235
0x22CA0eFEf53c326F36Bae641D3c3Fb9a0352D8fc,682107558233104400,136421511646620880,0.6821075582331044,0.1364215116466209
0x22cC36DcC3a02608d4C5D34fA120e4be6eE1a04e,953506762584817300000,190701352516963470000,953.5067625848172,190.70135251696345
0x22F30D847E2584773E3a18d5bf41468F5b0F1144,67760885518225050000,13552177103645010000,67.76088551822505,13.55217710364501
0x2301988a3500284322a63f6719f4c4F4c2200150,9510319909899600000,1902063981979920000,9.5103199098996,1.9020639819799199
0x23c2f0d3c045b8b381167392eebCF0F99E5d7400,18378573075140061000,3675714615028012000,18.37857307514006,3.6757146150280122
0x25206d7056E2603C9fb8401b67b384b7297EcfbE,43630714443787930000,8726142888757586000,43.63071444378793,8.726142888757586
0x2622F1B4e523A98190839D95115875e4cbbd9cfc,98570671661004620000,19714134332200923000,98.57067166100462,19.714134332200924
0x27682879b43690c95BcFa3F78A2FF912a9DC7b15,512,102.4,5.12e-16,1.0240000000000001e-16
0x27F8602E403B6EA18f8711A7858fa4a94ef3269b,316343842924067500000,63268768584813494000,316.3438429240675,63.26876858481349
0x28de7a05ab11185D569Fa7d50668E55edfD238b7,131072,26214.4,1.31072e-13,2.6214400000000003e-14
0x28F48A99b709E0233B9E1Fe95f07f650cC354D53,5316333622825603000,1063266724565120600,5.316333622825603,1.0632667245651206
0x29687b1886F42cC43Ce86881be9748840be3727e,594208476226422300000,118841695245284460000,594.2084762264224,118.84169524528446
0x297451526e0cB727f1569aa673DD4094Eb6Fbf59,206261320859041920000,41252264171808380000,206.26132085904192,41.252264171808385
0x299B67C4F4eb685837a19f713f4FEc1Bb556B8c3,33368705792893125000,6673741158578625000,33.368705792893124,6.673741158578625
0x29f9EBB1a66fDd342ac03511C6de392fad989E22,1.1630836863048153e+21,232616737260963040000,1163.0836863048153,232.61673726096305
0x2a1883DEf97B0791eE53971da3A10c153c7e9163,655697804860794700000,131139560972158940000,655.6978048607947,131.13956097215893
0x2a2970c8F0BFa769ff948Da7d09A54F1D491b0E0,34222753238974726000,6844550647794945000,34.222753238974725,6.844550647794945
0x2B4202251decf5b04166a13C141ad35BFa8564b9,198902880762314300000,39780576152462860000,198.90288076231428,39.780576152462864
0x2b53a6CF1Cbda94f09d8EaBffD61858A3b864E3C,702544128329389800000,140508825665877970000,702.5441283293899,140.50882566587796
0x2B58a836C15e66E6506f88E00075a57C118af6B1,23164923031766856000,4632984606353371000,23.164923031766854,4.6329846063533715
0x2bD22F5a3Ae3b1b45571b27307E2893017d67505,45937726508309365000,9187545301661873000,45.93772650830937,9.187545301661872
0x2c6c29B0cBA406aE2654435F28dC254c9A7183cE,38753158840402510000,7750631768080502000,38.75315884040251,7.750631768080502
0x2C7EE0f3A03Bb1e738150AB6C87C9f5Fc3074CF6,113923262430696440000,22784652486139290000,113.92326243069644,22.78465248613929
0x2CB59203B7c4A84E67E6De427B4DB37Ec3A6A13E,13410489315758696000,2682097863151739400,13.410489315758696,2.6820978631517396
0x2dC250f977A36DfD53759C3af8b77B676a53D265,341293413139800400000,68258682627960080000,341.2934131398004,68.25868262796008
0x2Dcb46d96115F2569F87665b865a1040F8beFD3e,1.0218071211346531e+21,204361424226930620000,1021.8071211346531,204.3614242269306
0x2E8053B08e9324e2b56bD3ef001A561919f69B1F,76297152780359500000,15259430556071900000,76.2971527803595,15.2594305560719
0x2E90F55566CCDEd26cf745a9420b2FAC3CD51C78,272064843886537280000,54412968777307455000,272.0648438865373,54.412968777307455
0x2ed7e6e0777416F54Fd4e08eD3d641121E819220,317218811658635200000,63443762331727040000,317.21881165863516,63.44376233172704
0x2Ee796bC889d4f264025E29059a31Bc852e1c434,61108698376421310000,12221739675284263000,61.10869837642131,12.221739675284264
0x2F2D986B1CEb49359004cD4F7A247BA4955627d7,1.186418477989144e+22,2.372836955978288e+21,11864.184779891439,2372.836955978288
0x306216825C42AE6eC54e106AaED95cDBE6F05F6f,16878391715797721000,3375678343159544300,16.878391715797722,3.3756783431595445
0x30A6F126720951db7fD9576a9C28ed6c2C8114d7,45345655909269620000,9069131181853923000,45.34565590926962,9.069131181853923
0x31a92754F5604e782D18CD97400F75A97EaB2454,319345696767000700000,63869139353400140000,319.34569676700073,63.869139353400136
0x3214D8226deF6e921AF4a9A9c8525CC2C0b5fbB4,188242728322680750000,37648545664536150000,188.24272832268076,37.64854566453615
0x323b8F19A377fF99b25F103cfE42b98d6DACc9eb,317753258687885100000,63550651737577010000,317.7532586878851,63.55065173757701
0x329f4435E0F22899b733756c71AA12C1004146B1,258396260567621960000,51679252113524390000,258.39626056762194,51.67925211352439
0x32aA32b06Fd0DEbA10FC80B8501EF8c536Ec1178,66083682741661390000,13216736548332278000,66.08368274166139,13.216736548332278
0x32ba5aA0e6b29E968056CC40594991B39a052B36,174494984097388200000,34898996819477640000,174.4949840973882,34.89899681947764
0x32C0F9E7296ee533fAA46492D5381E6946C29237,166727582.21882063,33345516.443764128,1.6672758221882064e-10,3.3345516443764126e-11
0x32E058242142eBcd532CC70A5C026EF9F8D3f38D,820247186172372600000,164049437234474520000,820.2471861723726,164.0494372344745
0x3303582162e742Dd1a55461DD827E05627473C51,184409840255989780000,36881968051197956000,184.40984025598976,36.88196805119796
0x3320F88719212DCA62B55E53B84d56EF0E594473,57197057377766110000,11439411475553223000,57.197057377766114,11.439411475553223
0x33808862af5C0819572A76A1ca798f8B29D6A2A2,931429808311689200,186285961662337860,0.9314298083116892,0.18628596166233785
0x338262315d7d4c6624f1FD32c19b01A6AAd521dc,208830948809245460000,41766189761849090000,208.83094880924546,41.76618976184909
0x34835e679e87A411df95c351AABc8252B3a935a7,649643255766264600000,129928651153252910000,649.6432557662646,129.9286511532529
0x34918E1D56eF29E14bf96edAb987E796326ebfDC,11006859620457144000,2201371924091428900,11.006859620457144,2.2013719240914287
0x35FF3a3A52494109470581D9f6BEfaB61b836FC9,3133460500944868,626692100188973.6,0.003133460500944868,0.0006266921001889736
0x36b46168269F4A0Bc05E6Bb933350f4F997467bC,79399458952518800000,15879891790503760000,79.3994589525188,15.879891790503759
0x36EA8a5C321415F6346514Da44901e949C734308,288686157561219650000,57737231512243930000,288.68615756121966,57.73723151224393
0x36F2426f5E7CD5a6B3947054E21C2E9bE10C4D6D,19360117406274654000,3872023481254931000,19.360117406274654,3.872023481254931
0x374a959181b487d6f56B4c2C73ecb43b78d71B5f,6.928876032685593e+21,1.3857752065371186e+21,6928.876032685593,1385.7752065371187
0x3777D4128bb36e0205631313c2455F377BFEb8fa,6476698564263102,1295339712852620.5,0.006476698564263102,0.0012953397128526204
0x377Ee615A5019E026706B6cA88CD4E5530394E68,93557078204126280000,18711415640825260000,93.55707820412628,18.71141564082526
0x37871dfa5C33d2974398d4a1c9AEcC87aeDCC897,823468510955020500000,164693702191004100000,823.4685109550205,164.6937021910041
0x37aF3fb44c389AbAFBF2062381e6b239511B67F3,64943160939304714000,12988632187860943000,64.94316093930472,12.988632187860944
0x38FB76bC051d1AaadC211D08c800f9a834317816,31528754121043024,6305750824208605,0.03152875412104302,0.006305750824208605
0x39A0259Fe787f7b3Fa3f5328E53d945C2F5fFB33,950975448739119200000,190195089747823850000,950.9754487391192,190.19508974782386
0x3a710e4F345cE8EB4C347eE35F87993df230aC1d,608730033119715300000,121746006623943050000,608.7300331197152,121.74600662394305
0x3A9fCBaA73bb854766028177c418E55A5fDb3819,76610213047178170000,15322042609435634000,76.61021304717816,15.322042609435634
0x3Aa875eCB6D2347b006A16553757dBae1E58b16e,36159321113416810000,7231864222683362000,36.15932111341681,7.231864222683362
0x3Af25EE5e23B098EE4c3CbE3a802C93A80FF00e2,1.902082344289694e+22,3.8041646885793877e+21,19020.823442896937,3804.1646885793875
0x3D4E614037a78ac784e3217fEcF709070bbF7FcC,35128641257425520,7025728251485104,0.03512864125742552,0.007025728251485104
0x3d7AFB0c5D7eA0e56AEC8Eb7da92c594b3F15B3F,243006869684680800000,48601373936936160000,243.0068696846808,48.601373936936156
0x3E0dC8E3Db5299e050eb3C35950c622006930A7d,169510953706845270000,33902190741369053000,169.51095370684527,33.902190741369054
0x3E242464AcD6cf77Fd4B018030c2c8487c800530,421420155232111560000,84284031046422320000,421.42015523211154,84.28403104642231
0x3ed3386Aa23D5286020d512335a1d8AD17dd6B0f,1.556365247262922e+21,311273049452584440000,1556.3652472629221,311.2730494525844
0x3F20bddB9D7459997589B48cD0D275C2a4A09Ad9,11230589326766350000,2246117865353270000,11.230589326766351,2.24611786535327
0x3FFE64Ca6e8AE9b1ea9F3E742447132d6b72131d,207429821322470300000,41485964264494055000,207.4298213224703,41.48596426449406
0x40653B497b8922bccf9107ae7a6364b7c3e0098a,394610596809280100000,78922119361856030000,394.61059680928014,78.92211936185603
0x406c0C92b5bB8E9b890e5bc7a33870a83a950EfB,59307750553287330000,11861550110657466000,59.30775055328733,11.861550110657467
0x407d9dB9E17aA9A144742717f02ec9A68849F27C,89519344947105630000,17903868989421126000,89.51934494710562,17.903868989421127
0x40b3A2eB33d469b295D935d7FD0f53c8e561321c,3.1127657050457663e+21,622553141009153300000,3112.7657050457665,622.5531410091533
0x40Ca4D7b09c97C2Ca0471b727A2fa0Fc6fE10875,479011028572621300000,95802205714524260000,479.0110285726213,95.80220571452426
0x40E400d0417BFf39C7a17d42c54319123d51BDDE,265301878340703350000,53060375668140670000,265.30187834070335,53.06037566814067
0x40F21f5BAf2Ec6B530bA71bEf2681C64Dd4192C2,42564294157625330000,8512858831525066000,42.564294157625326,8.512858831525065
0x41Db946c7fB249f5d2f38546b5c7BADbd557e763,4.602564925607054e+21,920512985121410800000,4602.564925607054,920.5129851214108
0x427955917757c794fd5f83B5E1446DC03AD3C07D,240315048949813400000,48063009789962680000,240.31504894981342,48.063009789962685
0x4346Aef8db5E94b35D21590064fB8B24ce1Eb0a2,11904845431322040000,2380969086264408000,11.904845431322041,2.380969086264408
0x43488E5cE3a76b96A5b6efB66A81Ca88DfBceE13,13023682070893494000,2604736414178699000,13.023682070893495,2.604736414178699
0x4354DF6Fa58eD7045319E425466C0daff9fB8fC5,59474496853004290000,11894899370600858000,59.47449685300429,11.894899370600857
0x436198d5DE79fFE114C94296235C01F4A96f14fD,1.8954905404337082e+21,379098108086741600000,1895.4905404337082,379.0981080867416
0x43660De97E7A00E563B5e954018267d296A87695,467400141011457340000,93480028202291460000,467.4001410114573,93.48002820229146
0x439639eAAF8c336a8d6cFc4ABA27b46f284FecE9,284930346115146970000,56986069223029390000,284.93034611514696,56.98606922302939
0x439B9fE30e0F5881cE396D0223F5176f8C2c067D,519518879693080760000,103903775938616150000,519.5188796930807,103.90377593861615
0x44202C5E0293548645312A2C1b6C83E5dc6DCAc8,259213095684246630000,51842619136849330000,259.21309568424664,51.84261913684933
0x4485F8419c745A61B0a89A4520b5BB666bD620c7,37475064509933680000,7495012901986736000,37.47506450993368,7.495012901986736
0x44BC122aF5452FD71E63BD18cfB89528f4BD2B4d,816251418690639100000,163250283738127830000,816.2514186906391,163.25028373812782
0x45862265e57B38a82C52b97054653806425947a3,107621210069687570000,21524242013937512000,107.62121006968756,21.524242013937513
0x45Fbd3C46FDDb78A0506Ff7b01f53C29e6c4BE9a,662864260495217500000,132572852099043510000,662.8642604952175,132.5728520990435
0x46c9960396E205421DF362A592c9F716A5fc062a,34712940776055652000,6942588155211131000,34.71294077605565,6.942588155211131
0x476B3F5c658Dbf420a25f846C927C37CC4D0Bd25,4.249697766772305e+21,849939553354461000000,4249.697766772305,849.9395533544609
0x479d21C4d7f07c8241dA81e373CE0616bfb264B4,162694349434259100000,32538869886851820000,162.69434943425912,32.53886988685182
0x47D71b851F52dAb8363f8dC7840Db9150ab4dC59,62390530845229780000,12478106169045955000,62.390530845229776,12.478106169045954
0x47df74384d978d56Ce135D43fd4889Ddf0FCEB6e,93089185453517160000,18617837090703434000,93.08918545351716,18.617837090703432
0x4844A8c7a94948eA5897397A6231317Ac7b44B40,789288748395144400000,157857749679028900000,789.2887483951445,157.8577496790289
0x488586A6811355559b67f2ca81cE1Fce111B8f6D,614469990537279800000,122893998107455960000,614.4699905372798,122.89399810745596
0x492544c7dA3755CfC684Cb2CDc2A5a131A879EBA,333190153717996850000,66638030743599370000,333.19015371799685,66.63803074359937
0x4959AF828C40E5484312af2308AC4026658dd1E4,898065389045616200000,179613077809123230000,898.0653890456163,179.61307780912324
0x49Af1dBd52E60B2A48052d91757A1ED135a50e01,2.1694271318718478e+21,433885426374369540000,2169.427131871848,433.88542637436956
0x4a0d7A1FaEF393A4D0B59984D9dAf32Da5f962FF,130097562772825500000,26019512554565100000,130.0975627728255,26.0195125545651
0x4a12183a5e7e5483b7e1db87AE130b88Ad160d61,767554395724985700000,153510879144997130000,767.5543957249856,153.51087914499712
0x4a91895cdC6CaC804B47bde49BCC546e1Ae808b8,101217388916246600000,20243477783249318000,101.21738891624659,20.24347778324932
0x4a9B2C87364Be0e9E8decbcdde35b3b9F1c97384,1.4167724933003681e+21,283354498660073640000,1416.772493300368,283.35449866007366
0x4Ac22b9f2A84d870610f117aC42A8911E335bF00,229735280677782300000,45947056135556460000,229.7352806777823,45.94705613555646
0x4B3f95d8f081E73F4FB030BcFcdBD436B48F5493,46183129676018655000,9236625935203731000,46.18312967601865,9.236625935203731
0x4c393060078C2Ba8109677a7741C5A15FE3d77Ab,5841859341927483000,1168371868385496600,5.841859341927483,1.1683718683854967
0x4C41146b92a0287C1f7AA93b610C58Fe3f21604d,122742867545040270000,24548573509008056000,122.74286754504027,24.548573509008055
0x4C7b6D4dE53CAb28DeC3A028a5718aBA0878923e,386495627972796150000,77299125594559230000,386.49562797279617,77.29912559455923
0x4cbBc692026EF94426c6E310244e8B84a15D2512,41945819913733010000,8389163982746602000,41.94581991373301,8.389163982746602
0x4cd8BDa7C7dD00656F2FC7520Ed1035e76B24399,498031260498805300000,99606252099761060000,498.03126049880535,99.60625209976106
0x4Ce103f041311654317e524e15C26f66073301d3,167688467169980900000,33537693433996180000,167.6884671699809,33.53769343399618
0x4d439C685cAf6302D66A18Bc87cf2DDBF94F5F9F,303901627531327700000,60780325506265540000,303.9016275313277,60.78032550626554
0x4deB1CeC1559555258b2FA5e46eFf0c142E0a5f9,244679362540428330000,48935872508085666000,244.67936254042831,48.935872508085666
0x4eAF985fBcf28Fb74C35B92A380e954276235e43,115051863891676000000,23010372778335200000,115.051863891676,23.0103727783352
0x4ebfC0cCfF5d16de574711126433978b9a4320dd,212968939408143020000,42593787881628610000,212.96893940814303,42.59378788162861
0x4Fb8a89919113B13c9b5ADF57E77eC07d90CB6Fb,196113497682605570000,39222699536521120000,196.11349768260558,39.22269953652112
0x500F049960B7e9F1d53DaF33243Bd4FE2d5078Ac,420757204419442970000,84151440883888590000,420.757204419443,84.15144088388858
0x503552DcD8fF813135CfEd05d5A3dDd6655C6D73,745362491935134400000,149072498387026900000,745.3624919351345,149.0724983870269
0x5043c7D66fb4E78186D8cAfc66605456be4C93e0,50515755413722610000,10103151082744523000,50.51575541372261,10.103151082744523
0x50759E203Ca16339585eF5Cb2F60303A880Ca164,1.193027075711333e+21,238605415142266600000,1193.027075711333,238.6054151422666
0x50A9232Fe0D4Dd4d000759dB57cf8F54aF0b325B,349326052979622940000,69865210595924590000,349.32605297962294,69.8652105959246
0x51B65Ecde122Dd57D19680A71080888c10355Acd,166060306252796400000,33212061250559280000,166.0603062527964,33.21206125055928
0x527e9349864Ce750A13c88f2CB74e440202f9cf2,343649717764830600,68729943552966120,0.3436497177648306,0.06872994355296612
0x52d9684a41fD7F0737F73db3F2618B4Eb80A93da,113907485248608110000,22781497049721623000,113.90748524860811,22.781497049721622
0x533da276451B649A3a85e16dD2380A8545E15c1c,19720252001416380000,3944050400283276300,19.72025200141638,3.944050400283276
0x53c8a1ebD7bF9e9Adc91906cFA06c4f4922b8EE4,348457221465441040000,69691444293088210000,348.457221465441,69.69144429308821
0x53D04500bF5fBCDBbbE8CdF07CE37DAf3C4669bC,278443759836767400000,55688751967353480000,278.4437598367674,55.68875196735348
0x53F0863ff7e2d139bB710aCE6c52eFC5F0C28eB2,20379446312395230000,4075889262479046000,20.37944631239523,4.075889262479046
0x542f71a71c99991bdd91E21B444b80203A18E5d2,266176556865328780000,53235311373065760000,266.1765568653288,53.235311373065755
0x5476d57459728545D0A20fbcAc3583933fC3fCF8,12508888914390573000,2501777782878115000,12.508888914390573,2.501777782878115
0x547Ea92b6059615a483608725a35AbD41C3d8e02,19473851252657512000,3894770250531502600,19.47385125265751,3.8947702505315025
0x552812Ae0e8DEFBB06573c659c9528E3C2724c11,2197870037299339300,439574007459867840,2.197870037299339,0.43957400745986785
0x5588A47538DEB4f144C34a312Dc6E9195F88715f,6676242242820065000,1335248448564013000,6.676242242820066,1.335248448564013
0x561C26808EA9C3fE9F1531590fB113925195753F,31567140128094446000,6313428025618889000,31.567140128094447,6.313428025618888
0x5640F35dB33D6444C0E42D19B1bA160Db107Af21,1.785258278661751e+21,357051655732350200000,1785.258278661751,357.05165573235024
0x568A703016be31e3A843313e8A8F96e6dbBAb1B3,215458709301988400000,43091741860397680000,215.4587093019884,43.091741860397676
0x56A5838B4739B626312347623ecD97B544836D37,30337858792030950000,6067571758406190000,30.33785879203095,6.06757175840619
0x56FB0836eB98afA5C9043957a9A18f27F339C90C,1.7786648285303947e+21,355732965706078950000,1778.6648285303947,355.73296570607897
0x571982D7baadbDc5cE4d649BA8a45fBA04a331f3,279313939683322920000,55862787936664584000,279.31393968332293,55.86278793666458
0x572291fD92FD41FB170Df5f02c1925fE4429EF9C,285009150589496660000,57001830117899330000,285.00915058949664,57.00183011789933
0x5725aB7200E1E1E372AB45B1F69F93718a3aEBA1,77616831341712640000,15523366268342528000,77.61683134171264,15.523366268342528
0x573DaF4885e7Fb838BBd03c711f57846bB0E5044,1.5088096564483753e+22,3.0176193128967506e+21,15088.096564483752,3017.6193128967507
0x5745582acd6928a3eeC0351744A3d54965bF66E3,78754358217596350000,15750871643519270000,78.75435821759635,15.750871643519272
0x57682119a0AcF95253205857CC54f9946a13878a,2826975912802008000,565395182560401600,2.826975912802008,0.5653951825604016
0x5785373DcF5d2650F04cbaaa7ba6016C579dA7CC,467551491445831400000,93510298289166270000,467.55149144583135,93.51029828916627
0x5849FEa998C0b946CDd00F0Fe645ecdE4FA6Ef43,2.4205829174640624e+21,484116583492812500000,2420.5829174640626,484.1165834928125
0x5853eD4f26A3fceA565b3FBC698bb19cdF6DEB85,15656483615327277000,3131296723065455600,15.656483615327277,3.131296723065456
0x5894CF8BeFBF63BB2EcD7B9D957345E31e86105c,3310913465194840000,662182693038968000,3.31091346519484,0.662182693038968
0x58A97D7788dDDF599675b4999356c978C7385ac3,70308371827959530000,14061674365591906000,70.30837182795953,14.061674365591907
0x5905A00B032CcfE018bA1e4967093833437739b7,4,0.8,4e-18,8.000000000000001e-19
0x5982Ef8da4bFa30285c77422c65a593006643e65,1.1134965454762966e+21,222699309095259300000,1113.4965454762967,222.6993090952593
0x598f2ff6bE73fFcF8f18E244f5fbe1bbFb0A4349,5.55632390232621e+21,1.1112647804652421e+21,5556.32390232621,1111.2647804652422
0x59B4c449C337c2e4B4dB47ba10f37Aa8aDc055E4,49549325587234880,9909865117446976,0.04954932558723488,0.009909865117446976
0x5A29faCF5f47B5045b8716B7e60572356adE1121,1.0256515278070156e+21,205130305561403130000,1025.6515278070156,205.13030556140313
0x5A2Dda8e2c82f5d36f324D11ec7d7E3E68Fb6a28,354342514005761200000,70868502801152240000,354.3425140057612,70.86850280115223
0x5B39829B09A1B81E920a0c514A46A390cB0AA4Cb,226745193187254530000,45349038637450900000,226.74519318725453,45.3490386374509
0x5b57b83C142e3ADa7e7affB9DfC4904838EA43a7,11196640545381745000,2239328109076349000,11.196640545381745,2.239328109076349
0x5C08CADec1f110F18A71d2cdA686789bF7Db62d3,742296796450901600000,148459359290180300000,742.2967964509016,148.45935929018032
0x5c3931CC7F338f5De961Bdeb962A0a31F468cF9E,22359377597227655000,4471875519445531000,22.359377597227656,4.471875519445531
0x5c9D84CFB8767B0971543C8bf5B310D7D7D1f971,65756932997954210000,13151386599590842000,65.75693299795421,13.151386599590843
0x5d26C3053C34f1FB8B9871B350C101e04F32FC55,237616442824025300000,47523288564805060000,237.6164428240253,47.52328856480506
0x5Df89E500d14fbdc01ca39aF9e76e76bC46C7a09,118877317414884280000,23775463482976854000,118.87731741488427,23.775463482976853
0x5fE7B1864bc7C536Bd10Ef8c121a58b5b2289795,190065307837261550000,38013061567452310000,190.06530783726154,38.013061567452304
0x607d13bFcE63e052DFC0174070c36C34279fc56A,327127694217122300000,65425538843424460000,327.12769421712227,65.42553884342446
0x60edd10D465b062cce1DDC4caF3F61254c69D7e8,1588575982542430200,317715196508486000,1.5885759825424302,0.317715196508486
0x611535EF27287733dDDe85a2bD57cCaD08b9178d,510400650655121300000,102080130131024250000,510.4006506551213,102.08013013102425
0x6249d6584a3cf37E931f882fdae38C14C9D572C2,317000635543434800000,63400127108686960000,317.00063554343484,63.40012710868696
0x6273FB341dA4cfaE7435f6b07a76AA5D74F8BC88,203574359168377880000,40714871833675580000,203.57435916837787,40.71487183367558
0x6316d2A9dD8aeD96b4c07cF4f6B2120661A86435,376794559303429650000,75358911860685930000,376.79455930342965,75.35891186068594
0x6367CdaF46aAC5F7860E759a78F8bE9f5d9aA991,109676874718588040000,21935374943717610000,109.67687471858804,21.93537494371761
0x63b4D3d5674F2585BcC16535D8f7663792Ae2BCC,105710622432229520000,21142124486445904000,105.71062243222953,21.142124486445905
0x63f9A73A0835EC9bff201AdC69B74d6A827655E4,192215167287388670000,38443033457477730000,192.21516728738868,38.44303345747773
0x644Ab33E2ffcc9892efBB7E46D05dBF5cF21327B,35603053409845047000,7120610681969010000,35.603053409845046,7.120610681969009
0x648ED46f684260347E2A2f7344C72cc9A423aBa7,787802678870651200000,157560535774130240000,787.8026788706512,157.56053577413024
0x651967988dd282Cf1e54a921F843e00B8fC0854d,3.090156532260315e+21,618031306452063000000,3090.156532260315,618.031306452063
0x65d352fC9E4F8Ac938A967E103739Ca533A4769C,3.007080380901102e+21,601416076180220400000,3007.080380901102,601.4160761802204
0x66d5b8c072Dd7510f7dbf69AD5e6b30049122e35,4096,819.2,4.096e-15,8.192000000000001e-16
0x674974Ef6A8E071CF2EFDcB6D9CC642320b1cd7C,448994387799326850000,89798877559865380000,448.99438779932683,89.79887755986537
0x67BD8f837FFd25694f25F612f0a7408F14dFFcf8,575033070217852940000,115006614043570590000,575.0330702178529,115.00661404357058
0x68106009239a00785C0f98354579F2DC82780fa5,104658761747854620000,20931752349570925000,104.65876174785463,20.931752349570925
0x68199db1EE0BC676F734dDF3C5486c65560F5af9,336425596491641400000,67285119298328280000,336.4255964916414,67.28511929832828
0x681D37fE8590F5fd14e69DaFe54D3BB2F7E18770,1.1415335742644678e+21,228306714852893560000,1141.5335742644677,228.30671485289355
0x685EcB61861737B30E4B6d4522Cdd67A158Fa191,192674017583745370000,38534803516749070000,192.67401758374538,38.53480351674907
0x69247aE21A28E144EBD3A115E67Fb59eeFA9B40f,203832147135171530000,40766429427034310000,203.83214713517154,40.76642942703431
0x698fa6437475F3F86Df33eA0cb612AD529954811,299372024207020400000,59874404841404080000,299.3720242070204,59.87440484140408
0x6a03B7609b8b9B26c26Af3b47F452687e2a206bb,408099992129782150000,81619998425956430000,408.09999212978215,81.61999842595644
0x6a56F292cd7DB7ED44D5F208Aa6a2F3a59003030,2.943129749107396e+21,588625949821479200000,2943.129749107396,588.6259498214793
0x6aA42e42D79d100bFD68ba4d8ce38F38b2A498a4,1.7472790329573234e+21,349455806591464700000,1747.2790329573234,349.4558065914647
0x6B02Bf85939D1DCc40e63f49266C096b65E57D9a,275725141948715830000,55145028389743165000,275.7251419487158,55.14502838974317
0x6bf361F9946e6C4f7AED042464Fa9ce169E3acaF,21089895556382410000,4217979111276481500,21.08989555638241,4.217979111276482
0x6cC859027a55dEC727A1fbDc5Cd30945ae5CCAFb,280523049829568200000,56104609965913640000,280.5230498295682,56.10460996591364
0x6D2144da556De9f6a43ae191FAec821f347AC8A3,2.929508723872792e+21,585901744774558400000,2929.508723872792,585.9017447745584
0x6D494E0C2717998D7DAE88E644Fb80F8dC94483d,22470777867792800000,4494155573558560300,22.4707778677928,4.49415557355856
0x6D630A7597Ded566Dd378E079EC6e2b579fE206C,79794532743380070000,15958906548676014000,79.79453274338007,15.958906548676014
0x6dcA84736f38Cfc6d2B0B08De15768280ffdc497,95790507499356520000,19158101499871306000,95.79050749935652,19.158101499871307
0x6Df9dc004213f690B6F1fDbb070ffADa0169D939,183815785722523520000,36763157144504705000,183.81578572252351,36.7631571445047
0x6e01D1A1c3C7FE5a66c56C30d4497267afD2a064,33177170114273427000,6635434022854686000,33.17717011427343,6.635434022854685
0x6e184E019712933dE2c53fEC37b0307Aa52d1D87,230347588211587940000,46069517642317590000,230.34758821158795,46.069517642317585
0x6e45310B69908A7490EbDbb66601462c8dA6e46a,63606315535168120000,12721263107033625000,63.60631553516812,12.721263107033625
0x6e79E8A9a0F8705cFdee557F2db6fEA1CeD43D8d,25701738254320034000,5140347650864007000,25.701738254320034,5.140347650864007
0x6f022896a1f07D9038D472082bbB4b1D1dd05FC4,811148345990167300000,162229669198033450000,811.1483459901673,162.22966919803346
0x6f1B731B7b8f7b264d78839869F6E4E48F661d5C,14827862600474497000,2965572520094899000,14.827862600474496,2.965572520094899
0x700CE71B4fA42886fB96D6aCE52B74EdAB7834E6,2.7148380487257497e+21,542967609745149900000,2714.8380487257496,542.96760974515
0x703a767FB6A56dB0888D6A3e56FEdB169B39F3Ec,5.152241686371688e+21,1.0304483372743375e+21,5152.241686371688,1030.4483372743375
0x703b51F3b9a84e4Db551184355Ca4323905F54fC,1.5301707271538769e+21,306034145430775400000,1530.170727153877,306.0341454307754
0x72559bd3Cf5471a39B88D151695c88446bEAC788,2.553276828736723e+21,510655365747344540000,2553.276828736723,510.65536574734455
0x73163e61377A87c10b853189Db58bFf07870fc41,8.947667806737945e+21,1.789533561347589e+21,8947.667806737945,1789.533561347589
0x7356C5C8C4Ddf39F5cA20E21fB359D76C277B02b,2.4027609306607114e+21,480552186132142300000,2402.7609306607114,480.5521861321423
0x736CC4214368d3d07F955456147b00Ea2A8cb810,3.700024866310707e+21,740004973262141400000,3700.024866310707,740.0049732621413
0x746F461Dc5366f8b68c8730bAC9b504EaDBe35ca,383706453466661260000,76741290693332250000,383.70645346666123,76.74129069333226
0x74c4C82AD166b621fa60A730C9d414fc17d33dB3,50585362960304640000,10117072592060928000,50.585362960304636,10.117072592060929
0x750BD98fE2Abec161482C3EB4934Bb307aacf97d,8829943441027440,1765988688205488,0.00882994344102744,0.001765988688205488
0x75b665f406FBe2dEb4144D6Fe995e9D91aA20A28,393159697476190860000,78631939495238170000,393.15969747619084,78.63193949523817
0x7665951A2196dA4b179B1E6ceD1A1A676BED06d1,704172334930166200000,140834466986033230000,704.1723349301661,140.83446698603322
0x7746812E0365A5C0B820aa51832fd4718a1cE327,376589522828703240000,75317904565740650000,376.58952282870325,75.31790456574065
0x776C83EF2577aC58715A0a75856254F37f9b97A5,68471640276308770000,13694328055261753000,68.47164027630878,13.694328055261753
0x779Eb46Ab642B133675d7Aa02Ef453FF74f5A50B,167955700934744640000,33591140186948927000,167.95570093474464,33.59114018694893
0x77F92039F461E4056e6B79ed80254b563B4812b9,1.3190073170929338e+21,263801463418586760000,1319.0073170929338,263.80146341858676
0x782C772d40D9583aAfF7566404bCbD8C5b6CA8Fe,104363053175045750000,20872610635009150000,104.36305317504575,20.872610635009153
0x78341f386066140CF2fE5b0f3437cD3154C1d265,1.1220241745487667e+21,224404834909753340000,1122.0241745487667,224.40483490975333
0x784f41Efd5E3554d2304ef17f1971ef0DB7B7A43,65970350865366850,13194070173073370,0.06597035086536684,0.01319407017307337
0x78609e486ec17441e250D949dF395A37E00454ab,16384,3276.8,1.6384e-14,3.2768000000000003e-15
0x78878543bb723c044dD13D47A2C30Fe91D34aF89,94223793187240210000,18844758637448045000,94.22379318724022,18.844758637448045
0x793A37Bc059be08595Aa12219A85723389938440,8033155377406201000,1606631075481240000,8.033155377406201,1.60663107548124
0x7A14D74c0254e6b06d287071c585308191873aa6,306439709021951560000,61287941804390310000,306.43970902195156,61.28794180439031
0x7a9E98d7b8077434eD247Db1cd27E6873dAD7e61,2679032110168885000,535806422033777000,2.6790321101688854,0.535806422033777
0x7AbF8cA31674c44C1571d457246a2f76D6AF2b9a,2047058992455989500,409411798491197900,2.0470589924559897,0.4094117984911979
0x7AC982368538F6c0569257E02421438d0D7880b5,11310649231275966000,2262129846255193300,11.310649231275967,2.2621298462551933
0x7aE1059449E11a3DF919Ac8450FDb239F8cFcB92,76233120177104580000,15246624035420918000,76.23312017710458,15.246624035420918
0x7Aec73D008b7E87cCb1AEec44E29A0d5ba951160,23562367958178348,4712473591635670,0.023562367958178346,0.00471247359163567
0x7B49D8D2eBe82a5de0514D5567ae90ae6E95F2c8,613780980139510200000,122756196027902030000,613.7809801395102,122.75619602790204
0x7b6e6a840B230908FD513B8C172eeCec3a4381cF,164353066552759680000,32870613310551937000,164.35306655275969,32.87061331055194
0x7b79D32864a468d1c766adcD9b5Cb135D6C8E0AD,2.633267821676935e+21,526653564335387000000,2633.267821676935,526.6535643353869
0x7bf2fBB2a440BD12DD0d244EeD0645d88e0BFC9b,11988320631384048000,2397664126276809700,11.988320631384047,2.3976641262768097
0x7C6c369Cc5ED290e59DAC1e24797B1297BD973b5,15570783150509191000,3114156630101838300,15.570783150509191,3.114156630101838
0x7c7448204fb17194EBDf1d36d63d5b0DdBC062cf,280913005583296430000,56182601116659290000,280.9130055832964,56.182601116659285
0x7D2845487481c30c73d439D06715d3798C163DCc,6.469561870479313e+21,1.2939123740958626e+21,6469.561870479313,1293.9123740958626
0x7d46A8Bea0cCF2dbdc3fD47D96385d65B562B78C,21820074.16942596,4364014.833885192,2.182007416942596e-11,4.364014833885192e-12
0x7d9AA04b1531cA092962f03b2bF5634827a12351,156082702620011430000,31216540524002288000,156.08270262001142,31.216540524002287
0x7e051820a6Fbe74f7EddDce7881879A91D4DA072,101998264577063680000,20399652915412740000,101.99826457706368,20.399652915412737
0x7EE1Fd3A233Dc4b4BdC9EA54665706756fc078bb,1.0238758626408782e+21,204775172528175640000,1023.8758626408782,204.77517252817563
0x8002f1De88cb70C6a89177Fe5C40621B4a62b80C,1.5875305582963694e+21,317506111659273900000,1587.5305582963695,317.50611165927387
0x8084E2E629e1365e341e1a027aF1E101f00137E9,3526283280168841700,705256656033768300,3.5262832801688417,0.7052566560337683
0x80dCe08B4228A41629Ec5448933bBC4e0343EDa7,1.2800070202735576e+21,256001404054711500000,1280.0070202735576,256.0014040547115
0x812ea1B5E91C6635eB60f5E1100046f543f0cBc4,14694720320357155000,2938944064071431000,14.694720320357154,2.938944064071431
0x813899Aeeaa21C104f61369E49872FcCc56D9493,182673551588247700000,36534710317649540000,182.6735515882477,36.53471031764954
0x81AA1A5d9253EBa0947f5c31382E095A6E6A6a10,145803370973032450000,29160674194606490000,145.80337097303246,29.16067419460649
0x81D2a6e2f875639e9D0b9463d10DC4a9829cEA7B,68053264582885400000,13610652916577080000,68.0532645828854,13.610652916577079
0x820D59BCa7cd3BAeC1e9bAEE5DE7eD20a18a6799,10970086562804298000,2194017312560859600,10.970086562804298,2.1940173125608595
0x824F36f593069c8E399882C7175E5Be425BB204c,8.288351460338481e+21,1.6576702920676962e+21,8288.351460338481,1657.6702920676962
0x829F2aE40De30aB48f1eB7d79482926b738ffDFa,65538917966774510000,13107783593354902000,65.5389179667745,13.1077835933549
0x82F785839Bdbd2e1672E4A4fB74b954028779a44,32017629092628857000,6403525818525772000,32.01762909262886,6.403525818525772
0x84094a38908ff7022Fa7145f7DF16Ccb6d5Ce459,2.16264904303275e+21,432529808606549970000,2162.64904303275,432.52980860655
0x851001FFb1C1B55608f3D0c9c84fC80ceb41Be6e,312292384677280900,62458476935456180,0.3122923846772809,0.06245847693545618
0x851Ac79C9e5B86A0cE94ef8A215b19AcD00f9A39,10898848512097008000,2179769702419401500,10.898848512097008,2.1797697024194016
0x857e12fa9DA51961D7d854e2b6638Bf47B7c4812,46544021917414820000,9308804383482964000,46.54402191741482,9.308804383482965
0x85A6bDEd63bedDC7E556cf7e67BF84352d824E03,3.9220738670091483e+21,784414773401829600000,3922.073867009148,784.4147734018296
0x85Ca8bd1e7b75C8B9Ab576c997Ec8163b45EbCaf,726797975937607500000,145359595187521500000,726.7979759376076,145.3595951875215
0x85FF548d5560DaD02C8dc5481811DB9839f26989,161935275020307400000,32387055004061480000,161.9352750203074,32.38705500406148
0x8683069D7B071AB2D99d9a949d7224454136fDE1,590790554406120000000,118158110881224020000,590.79055440612,118.15811088122402
0x86872e40Bc5f65D72D3557e2A800763C0f7037BF,83460103681054820000,16692020736210964000,83.46010368105482,16.692020736210964
0x87a7C9c299b4c894e4BF126DB1F796219B6aDc05,217860262748023200000,43572052549604640000,217.8602627480232,43.57205254960464
0x8807842D0846034B52b3c70bd975CE349ae4B683,239635585714265980000,47927117142853200000,239.63558571426597,47.9271171428532
0x88836F625250e87BC47183733618041909123865,28254821593557230000,5650964318711446000,28.254821593557228,5.650964318711446
0x88C5aDc75832620fa3D33CeaD98a09A0524Cef1A,75032924098493420000,15006584819698684000,75.03292409849341,15.006584819698684
0x88E3cDd459A376C2A725f43A6221962261f45d76,12408719699768950000,2481743939953790000,12.40871969976895,2.48174393995379
0x89DB4AD8B6Bc0b6d8D5501ebE09b521157720d09,292867533101540440000,58573506620308090000,292.86753310154046,58.57350662030809
0x89EEF4397ba960c2fB4c96511E87ff016B41923e,9177126836289024000,1835425367257804800,9.177126836289023,1.8354253672578047
0x8A06B6cB78d1d4Ba4DaF5c1FDEfe6F4e11282216,66334752445350510000,13266950489070103000,66.33475244535052,13.266950489070103
0x8A142715041419aeA8D84cC9794E90F01688110D,898866763032198400000,179773352606439670000,898.8667630321984,179.77335260643966
0x8b20C5a465d685d8Dee85d688c678c3781af6950,213564615627586500000,42712923125517300000,213.5646156275865,42.71292312551731
0x8b4E32EfC52cC9e129E219731221e0d7F74864A7,415124460556912300000,83024892111382460000,415.1244605569123,83.02489211138246
0x8b9A80314394df6335aD8D9f6B7F21167271B67A,194233647473752200000,38846729494750446000,194.2336474737522,38.84672949475045
0x8BA8f4eb542ed4EF9C343De1259Caa71a3Aa5098,137211821956250620000,27442364391250125000,137.21182195625062,27.442364391250123
0x8bd4a36315c0974B32169FC2D6Dd54a78513b57b,120318187487494950000,24063637497498990000,120.31818748749495,24.063637497498988
0x8c12d943FffE3242820e27607CF1Ef177Fd4305F,759254221470719500000,151850844294143900000,759.2542214707196,151.8508442941439
0x8C476FDE8DC7d59ABBCD27F74C95697Ce60e0CC4,178466006134158660000,35693201226831733000,178.46600613415865,35.69320122683173
0x8C6157aa4095d9212e911E80c936861f1AdaB8eB,454304822375519300000,90860964475103850000,454.3048223755193,90.86096447510386
0x8d1877fF2bF24793Fd94003EA5d25F8195204f24,509269690208217660000,101853938041643530000,509.26969020821764,101.85393804164353
0x8d6416e26573B018553F3bBEf297477AfC908bc2,237733140063886100000,47546628012777230000,237.7331400638861,47.54662801277723
0x8DEBf770a5F837eEA547372Fe36E75ecEf4D9534,190655801537978560000,38131160307595715000,190.65580153797856,38.131160307595714
0x8E04917290A2EFE4860CFDb80D126Db07E3869F0,4361682389830211000,872336477966042200,4.361682389830211,0.8723364779660422
0x8e379D8d107c6DBCA14eBE883961F215E5057287,142959247957727440000,28591849591545487000,142.95924795772746,28.591849591545486
0x8EE498517a0B60274a0c8040a08aAB7e3CA6Af7D,5.26552111644931e+21,1.053104223289862e+21,5265.52111644931,1053.104223289862
0x8F02C4dfD555bfb6b1aA95A9Ceb0A9Db09686579,107511455464257520000,21502291092851503000,107.51145546425752,21.502291092851504
0x8f176450B9BE8ea3c705F7d5a1C7142951F8aEA6,403798671707468300,80759734341493660,0.4037986717074683,0.08075973434149367
0x8F9c7C60DBf7aaE7a0033614B770DEf38014B200,372376460402477900000,74475292080495580000,372.3764604024779,74.47529208049558
0x8FE11fA15dCe2173C2F26e4001F0D6984379A8Ff,11521279487325194000,2304255897465038800,11.521279487325193,2.3042558974650387
0x8FE43434f0d795c87730ce72572590D6c7209B78,213667581101958,42733516220391.6,0.000213667581101958,0.0000427335162203916
0x9107a6465E5D3c2dBF69d4Ab971935a2c62C2df3,1.2138162534667046e+21,242763250693340920000,1213.8162534667047,242.76325069334092
0x91176B85B0cb77b0B04f9A55Bac011Fc94163c07,44602455492528440000,8920491098505688000,44.60245549252844,8.920491098505687
0x9176d605E0BCf8E9a0b0D8587c96c34B5b5Ed7EC,705957671374525200000,141191534274905030000,705.9576713745251,141.19153427490502
0x9176FA969181058A8d477436342113D7299aFC06,15380509250010668,3076101850002133.5,0.015380509250010667,0.0030761018500021337
0x9194418d4Eb742628d172778A9Bc9cEAC4E5A283,6.60630457357086e+21,1.321260914714172e+21,6606.30457357086,1321.260914714172
0x91D76a308794ac307404AA83c8FD015A93E045C4,75556515326037330000,15111303065207466000,75.55651532603733,15.111303065207466
0x922c04A37d1045120f3993CCcFf0810b85c09F5d,10528225975773430000,2105645195154686000,10.52822597577343,2.1056451951546857
0x92b426D4798044FD895e0Bb06ff58DA82e40E9a3,2.7119519063034655e+22,5.423903812606931e+21,27119.519063034655,5423.903812606931
0x92dF1F51e2cC47b931b7735b007d494aA757F5e4,695738483288247900000,139147696657649580000,695.738483288248,139.1476966576496
0x933500d4c13D59f48b79fAb5fab2697491343cF9,1.040163685352385e+21,208032737070477020000,1040.163685352385,208.03273707047703
0x9339f7664F8d7D553F16388152aBe6491CBe4EDd,610312900085379500000,122062580017075900000,610.3129000853795,122.0625800170759
0x9364ff16B0eeD5424Be2490BC2388578FDB42ce1,1183006887453465600,236601377490693120,1.1830068874534656,0.23660137749069313
0x9478685A38295d0ba42D3591f3251f5e6c089828,961313967745936000000,192262793549187200000,961.313967745936,192.2627935491872
0x95c305a8f49783eA1A0eB59a199bFAdAc61E2Aef,105845332834476570000,21169066566895313000,105.84533283447658,21.169066566895314
0x965417Ac3ff9a54341Cc73c7626F2aaF497A235A,34742364331656240000,6948472866331249000,34.74236433165624,6.948472866331248
0x965bbA4ca9DdAa8C8D584090BE067b49C99AE6dA,6365782817263581000,1273156563452716300,6.3657828172635815,1.2731565634527162
0x969770f4fe03e10933F2Eb8cEB099c0c0D468d05,1701904475557240300,340380895111448060,1.7019044755572403,0.3403808951114481
0x96bE8e515d581ed85691e75CdCC208bCdBC3C2ba,101277398143537280000,20255479628707455000,101.27739814353728,20.255479628707455
0x96d22DD1ad01122dd2805427DFb945A934Cd10f4,13166831133336732000,2633366226667346400,13.166831133336732,2.6333662266673463
0x97988d23302452730e7951aabf1A573eC88070Ec,78710894505709040000,15742178901141810000,78.71089450570905,15.74217890114181
0x97D4aD1bEfF9259c870fDCAB10EDFC99aA4a750e,1157376585649488000,231475317129897570,1.157376585649488,0.23147531712989758
0x983A62ae0E368F9127dC47BB8210ae0771B7D8D0,370855132410584100000,74171026482116820000,370.85513241058413,74.17102648211682
0x985653C0448B74F3Be29721b4a2662000c527f77,6932302714645224000,1386460542929045000,6.932302714645225,1.386460542929045
0x9994b2884dd1B8c258fB0d6c6ABA3654DCc4b3A6,3.9497805318070154e+21,789956106361403100000,3949.7805318070154,789.956106361403
0x999eADBd397269C639586D5c3Af4788A21857746,133325880484107680000,26665176096821535000,133.32588048410767,26.665176096821536
0x99Bf2cad3d957397bC5dE89F2e31CECc8037DC36,3618207720100700700,723641544020140200,3.618207720100701,0.7236415440201401
0x9Ac17Aec29c6F2011bF9fE3Ab230D91C57470Df1,1.93226107374292e+21,386452214748583950000,1932.26107374292,386.45221474858397
0x9AF6DB2AF816F67b0d2F7F694678256a58bf1683,225013233770884530000,45002646754176910000,225.01323377088454,45.00264675417691
0x9b04B9B5b50dDB140E8123DE365E1271a88fb376,20261850514948465000,4052370102989693000,20.261850514948463,4.052370102989693
0x9C2877D0A6B9F3f3BF6685D37089b61adb344628,285482382204681060000,57096476440936210000,285.4823822046811,57.09647644093621
0x9cE216927524F14eB48fe81a9162224AAB63C6c6,531711288120898500000,106342257624179700000,531.7112881208985,106.34225762417971
0x9E159565A5651EA3Fdc8B7c272d3FB24f9fdfac1,1409773758827749400,281954751765549900,1.4097737588277495,0.2819547517655499
0x9e58d7A384674De8FE5D7Ab634D1c7C8dD09a663,2.2624934803159788e+21,452498696063195740000,2262.4934803159786,452.4986960631957
0x9e7e37C6bbC558bc677a5a8d55B48f3353e39219,2.8441245395197603e+21,568824907903952100000,2844.12453951976,568.8249079039521
0x9E89faa249ba8f6fE2cBD3D34245B9204E26dae2,14192456111211563000,2838491222242312700,14.192456111211563,2.838491222242313
0x9EBD582a8645597dE783c0F31a31c17CE9632495,48422257348072055000,9684451469614412000,48.42225734807205,9.684451469614412
0x9F646a103e43d082Fb8FA28AeBCfc3526E03dE7a,14556978659947446000,2911395731989489000,14.556978659947447,2.911395731989489
0x9F64Ef7F062E58d4F8F9E9541FD409E77FA49A88,2.00243259177985e+21,400486518355970000000,2002.43259177985,400.48651835597
0x9Fa707928eD4d9F48e6Ca641A2d9DdC289BEcac3,175479641820551840000,35095928364110370000,175.47964182055185,35.09592836411037
0x9fD874BB132709900Ed3017b6F787794e5A3bC75,576233311713087740,115246662342617550,0.5762333117130878,0.11524666234261755
0x9fF481eB0D21448C781c6c39Dd537487d4F4A0FE,4486747205493979,897349441098795.8,0.004486747205493979,0.0008973494410987957
0xA00789DA0a447495b176aCb6e4090b86E6A3f226,866103385142178900000,173220677028435800000,866.1033851421789,173.2206770284358
0xa07322A8084EF9E398647b635E8a04e3CedF4428,553596035208737300,110719207041747460,0.5535960352087372,0.11071920704174745
0xA0a298B2Cf6f120ba140246028DBfcDC80BdcF3D,27963678913774510000,5592735782754902000,27.96367891377451,5.592735782754902
0xa0cA6C283c68943aFA0ffD644a34d7800A321B80,1.3412870960088235e+21,268257419201764720000,1341.2870960088235,268.2574192017647
0xA154BC5e3096CEf0945A15aEcD22bEb7249F1C8A,96308826678993420000,19261765335798686000,96.30882667899343,19.261765335798685
0xA2265e8f445eeea061eEC0956cf632C5660c2819,26208601075873220000,5241720215174644000,26.20860107587322,5.241720215174643
0xA2c2eF0E0B3ea24a4296A029929D8b12ae483D6a,78833441549584040000,15766688309916807000,78.83344154958404,15.766688309916807
0xA2E1019372961c0fb42FCD18cC8f12F3efEddcCD,14786226343701828000,2957245268740365300,14.786226343701827,2.9572452687403654
0xA40Cad1714212C7620BbC46D1d559E48b890a137,1.6513593252164162e+21,330271865043283200000,1651.3593252164162,330.27186504328324
0xA49214c950605E9A95D0592aABf19c41812E188E,403600354831641740000,80720070966328340000,403.60035483164177,80.72007096632835
0xA4E1f1Cf432abAa219A7E87847bA6c80087f6F26,8895401056619287000,1779080211323857400,8.895401056619287,1.7790802113238575
0xa502b4491f6FA8Cc3cFde7DC3B117362fEAf77B0,7137434674422858000,1427486934884571600,7.137434674422858,1.4274869348845716
0xA582548B772817e0Ddbe7738e9eCf9E825f82868,536088366469744600000,107217673293948930000,536.0883664697446,107.21767329394893
0xA5a53E5F629C09d4cB415F03174BF50E7412455C,1469481709098349600,293896341819669900,1.4694817090983496,0.2938963418196699
0xa608007aDD1A7B8Cb14b231871a0AE82Bf8e461F,338385637364252800000,67677127472850560000,338.38563736425283,67.67712747285056
0xa6200D878Da02B2EdEf57842C60bA6819ACe1F5A,41890926393929570000,8378185278785915000,41.890926393929576,8.378185278785915
0xA64321930127a717Ed8d658EE5660C02662aF229,489819278440213200000,97963855688042640000,489.81927844021317,97.96385568804264
0xA643E41cDBAB8ded631Ed1bE9Be8C3d6B2A5DcC0,873872200075359400000,174774440015071870000,873.8722000753594,174.77444001507186
0xa65F25e14ea43a2e7EA21F068e82E8d448BbcC96,54348869587773380,10869773917554676,0.05434886958777337,0.010869773917554676
0xa72F63bFFc060B0454f3693D4A9F0e3039479c17,57679560328595430000,11535912065719087000,57.67956032859543,11.535912065719087
0xa7Ab54Bb336Fc29741dC2D80Fe16FA4c527d7235,100979103325041130000,20195820665008226000,100.97910332504114,20.195820665008227
0xa7E3008Dba13004a9E35864861f3c53A4Ebc19F0,43397735010325530000,8679547002065106000,43.397735010325526,8.679547002065107
0xA7fAb85434c622F3C68BbB739c21Ec3E564D5499,4.811141866591155e+21,962228373318230900000,4811.141866591154,962.2283733182309
0xa8095C2071811d2Bd6a5f4A9E7E80b443e8f71c9,2068709092823724500,413741818564744900,2.0687090928237244,0.4137418185647449
0xa836C9d2fF3533Af4F7F32Ce596CAa48e33fb3bD,1.3808727463296211e+21,276174549265924230000,1380.8727463296211,276.1745492659242
0xa87abB2a20a841deb7492C974B0857463406ecD7,46545517237115625000,9309103447423126000,46.545517237115625,9.309103447423125
0xa8aD6553070D17e9595ffbE97dddBbD65BdB9E61,328024468260318600000,65604893652063720000,328.0244682603186,65.60489365206372
0xA8fE15Fc43916ae2a5911fF2cf6bE6dAFD38aF57,9410474582146886000,1882094916429377000,9.410474582146886,1.882094916429377
0xa91449CA452CdC94890A47aFB1871a4985aD0031,250526175448714440000,50105235089742890000,250.52617544871444,50.10523508974289
0xA97B9cBc57569965766fEA3dc68Def7D5E9Ab14C,332660536073011860000,66532107214602370000,332.6605360730119,66.53210721460238
0xa9B3864C13D3a4088E60fd9E0D9041E352D55B54,24954042007631550000,4990808401526310000,24.95404200763155,4.9908084015263094
0xa9B5a4B545B7Dd84AFb52aA343B1AdBE105C15B5,49976841512066610000,9995368302413322000,49.97684151206661,9.995368302413322
0xA9Bdd03eBA32AA347F520448a7dEAcd23D249dD7,14633255358730600000,2926651071746120000,14.633255358730601,2.9266510717461203
0xA9D96f5a4F6BFf7e70B72d4BaE150cE950564B48,831453171421630600000,166290634284326130000,831.4531714216306,166.29063428432613
0xAA1E9C84a9A2da4B7Ce261C3A40b1b9f961AC086,48826689603208495000,9765337920641700000,48.82668960320849,9.7653379206417
0xAa93Af110eF5D1A0d3E9c05e49F9B0cC68F58Beb,2949551136310571000,589910227262114200,2.949551136310571,0.5899102272621142
0xAAaFE31cA26Aceff8B0f0c7743B1D2C560176381,127538881649134140000,25507776329826830000,127.53888164913414,25.50777632982683
0xab12af7C904E0f214BD1C647203948adeCE0Cd9e,18722888573216130000,3744577714643225600,18.722888573216128,3.7445777146432255
0xABc9C449bcc423aD78a6A837F23f47Ad7dF437EA,499561181926717400000,99912236385343470000,499.5611819267174,99.91223638534348
0xabd8105251c021d7e8FFe365Ef6a56677870D1be,3634573161985212400,726914632397042400,3.6345731619852124,0.7269146323970425
0xac849A435B21c95dCBDb796eB79eA64f51C3fBA0,1.3819840812547522e+21,276396816250950450000,1381.9840812547523,276.39681625095045
0xAd471fC409566392C2E5336b27B3Dc67D53a55E0,383019413714256400000,76603882742851270000,383.0194137142564,76.60388274285127
0xAd8771aB5C02c5E7Bee612D67Aad5f938120E1d5,458476021635297300000,91695204327059460000,458.4760216352973,91.69520432705946
0xAd934668793e1De0141f77A7D55F333DD0e64507,10580880381662298000,2116176076332459500,10.580880381662299,2.1161760763324593
0xAdbD36E7a452D01bCd373fCcE77D597737A9B39d,147014916412483960000,29402983282496790000,147.01491641248396,29.40298328249679
0xAea4ED0042ac96F205c75cbd19985944f383BbEE,366139208921048150000,73227841784209630000,366.1392089210482,73.22784178420963
0xAeC433d59e9a2094981B3a661efAC87a6A88f6cC,117027274018711140000,23405454803742230000,117.02727401871114,23.405454803742227
0xaECB926CbBc5BD0f554E051652554Fa5D08dC491,94663467304629930000,18932693460925985000,94.66346730462993,18.932693460925986
0xaED20F69805C37dC6986e5BFd870C42AF72E8208,713707953640979700000,142741590728195930000,713.7079536409797,142.74159072819594
0xAf0B46c179e6f98d80168506650A5efCB7EdCaCA,551368788992210500000,110273757798442100000,551.3687889922105,110.2737577984421
0xafb1f7Be4C13ed28Bcc76becC7Bdb11A62aFcEF4,4604342358153623000,920868471630724600,4.604342358153623,0.9208684716307246
0xaFd0e2428Ce8D5447e1dd85549863062D0d11a03,178677956485224820000,35735591297044963000,178.67795648522483,35.73559129704496
0xafE53d85Da6b510B4fcc3774373F8880097F3E10,162286748687091920000,32457349737418383000,162.28674868709192,32.45734973741838
0xaffa348eEAB4895E8bC88f5b5ED515a14cc6371F,133281233095065400000,26656246619013080000,133.2812330950654,26.65624661901308
0xB00b57cc4b922A2C009319c1B714CF2149Af1393,73692351742987860000,14738470348597572000,73.69235174298787,14.738470348597572
0xB01505E2257156C97f353841b537457F36F76FAB,121002647720856390000,24200529544171280000,121.00264772085639,24.200529544171278
0xb04A3f4fF54B821ab4e73E1244a7769dE6c52BA7,195289498095315260000,39057899619063054000,195.28949809531525,39.05789961906306
0xb05472dd35a546b6e1bc254f4286F0BC00ee52dc,205424297644920670000,41084859528984130000,205.42429764492067,41.08485952898413
0xb080518F008C9468A19909C17c0912d0C7f534E5,354606093232902640000,70921218646580530000,354.60609323290265,70.92121864658053
0xb0f9B3ce253A66bCab4E046D508dC6875F45De17,269900557115948800000,53980111423189760000,269.9005571159488,53.98011142318976
0xb281F7e2eBD5C7534200C56F6e510EB6d46ec78A,2.1732581507780124e+21,434651630155602460000,2173.2581507780124,434.65163015560245
0xB2f7C0D7Fb74261130E01B11Bf77BC81B35AEaC2,333002712834039500000,66600542566807900000,333.00271283403947,66.6005425668079
0xb346D5302Dd87814d7b753c27f9be9D56beab0Ab,739380941513642500000,147876188302728500000,739.3809415136425,147.8761883027285
0xb4e2282A16464e897404E22c9F582631a302C5df,34737156614184956000,6947431322836991000,34.737156614184954,6.947431322836991
0xB562Bd59c476D43c57ea26D5f6d32335C5707389,195715193464600130000,39143038692920025000,195.71519346460013,39.14303869292002
0xb56589B0F60729C71ae1f6E52337725445449aa4,130100000530508550000,26020000106101710000,130.10000053050854,26.020000106101712
0xb573BC8E2BC24fD3dB147ae253F5eF867F8255ba,11523481463547044000,2304696292709408800,11.523481463547045,2.3046962927094086
0xb5eDccbAc9484d9888E944890f08ffD2478C043F,45359487540298640000,9071897508059728000,45.35948754029864,9.071897508059727
0xB61a49B9E379CB5e303Dd88160C23f303ecCDaa6,163474484574355980000,32694896914871198000,163.47448457435598,32.6948969148712
0xB64Cb134E55bD1568ec47054fB14f6286f3Eb9Df,43715275963641040000,8743055192728207000,43.715275963641034,8.743055192728207
0xb73C6c5cE781D7C4ab71d07C8E6d698960a01e33,1.9209623625239523e+21,384192472504790500000,1920.9623625239524,384.1924725047905
0xB76f880416CB0866495D816659f25170c69D0533,4.448123086925929e+21,889624617385185800000,4448.123086925929,889.6246173851857
0xB827046B469108798a663921472Cdd3F6a473E39,434513963778149700000,86902792755629950000,434.51396377814973,86.90279275562995
0xb83f2d1B18F6f254BA53d23D25069C083D5b550C,3595062718759508000,719012543751901600,3.595062718759508,0.7190125437519016
0xB8410d12734eC3760de96cE20aCbBef57d184CB2,55289717396711604000,11057943479342322000,55.2897173967116,11.057943479342322
0xb86d4b5Ae90795295D59E30999ce990e96903812,23575977910316204000,4715195582063241000,23.575977910316205,4.715195582063242
0xb87E7DC4c4D5d36CDAAda5812bF89ee0C8bdFDAD,60175269463485910000,12035053892697182000,60.175269463485904,12.035053892697182
0xb8a874A54ab5118Af9DfFd429C137ac81663c326,480420788741331200000,96084157748266240000,480.42078874133125,96.08415774826624
0xB92fd30786913F85C6774A4Adf278FF8197aE21a,2.123383845343904e+21,424676769068780750000,2123.383845343904,424.67676906878074
0xb9aa42cbd363D73E9fA77f53a4Ac8AF89b17B42E,35772196435869760000,7154439287173953000,35.77219643586976,7.154439287173952
0xb9c59E7CdD10D957A74c2fca18C71943D125c943,5716454904161425000,1143290980832285000,5.716454904161425,1.143290980832285
0xb9c97e4E4188974146a880173b3EbD0AB9F62DaC,147538130510844300000,29507626102168860000,147.5381305108443,29.50762610216886
0xba30963F47A2d33476E922Faa55bEc570C433dD0,2.51140547552306e+21,502281095104612000000,2511.40547552306,502.281095104612
0xBa8782Db02067e5F6517616dC4eEDb741E2864fD,105956090288720280000,21191218057744056000,105.95609028872028,21.191218057744056
0xBA946c46C41F7A414fB05a4A9308Af4eE0649ab9,277883271956464700000,55576654391292940000,277.8832719564647,55.576654391292934
0xBAe92579fF35556C0D719F67D9ffd8A339b75408,31892322141462774000,6378464428292555000,31.892322141462774,6.3784644282925544
0xbC21100061e92c10007d2672bf488F4719f48D30,193787492404905100000,38757498480981025000,193.78749240490512,38.75749848098103
0xbD19EdFfbe17a85007eEA50d803bd829C0246734,63274626243167674000,12654925248633534000,63.274626243167674,12.654925248633534
0xBdCcB3d8BD092d4116d2b27e8718badb01a06b9b,1.5561885129244559e+22,3.112377025848912e+21,15561.885129244558,3112.3770258489117
0xbe3A95afe58fDe243147A1F00D2236aFd4d02CD7,279993046774243980000,55998609354848800000,279.99304677424396,55.998609354848796
0xbEf5a136955eF78291782bfEF5045980853c3DaE,1.384342270909343e+21,276868454181868600000,1384.3422709093431,276.86845418186863
0xBf705a542801f6448BfDFAa0AcC5FF95Ef766180,79093047415499420000,15818609483099886000,79.09304741549943,15.818609483099886
0xBF7fFB4789164810aF4651F9b61EC684746C68Fb,171822461071542000000,34364492214308397000,171.822461071542,34.3644922143084
0xBF90De82e24A0337d432DfDb52E98c7207cEA447,1.759989621411069e+21,351997924282213800000,1759.989621411069,351.9979242822138
0xBFC4a1e84F65D9e3deEbFf2AF95bEAe17b9505cb,95851703551959040000,19170340710391810000,95.85170355195903,19.17034071039181
0xbfc4f51664fbBe2D611e13DF69C268AF598f61Fb,231662316751167800000,46332463350233560000,231.66231675116782,46.33246335023356
0xC084Fe2D375DB597855eC56881926C4fE139A131,7374338660952965000,1474867732190593000,7.374338660952965,1.474867732190593
0xc0B67fa4A03baC0Aa7bD0acB0679FF3771c4bE4b,14836216192247693000,2967243238449538600,14.836216192247694,2.9672432384495386
0xc0E4aC4b357717134a67df8591E837A8d1f72eEF,23850496664710560000,4770099332942113000,23.850496664710562,4.770099332942113
0xc1EB8E1b823C629f1701F609388FB8B4E6a2F2E8,164815076838902070000,32963015367780413000,164.81507683890206,32.963015367780415
0xC212C492e80B0996D51557e18e5E9e3A95cff1ac,1.546577943761022e+21,309315588752204400000,1546.5779437610222,309.3155887522044
0xC2878753726cf1AF2d62BA430Ca15D02f2EAf3cC,106073710800558230000,21214742160111645000,106.07371080055823,21.214742160111644
0xc2F249642D3c7bCf1380CcC20374c0f516d2f8fE,64229376345044480000,12845875269008896000,64.22937634504449,12.845875269008896
0xc2fB41936fdF8Fc0a18f6AEC5e56602a7EAa46eb,13950031814048350000,2790006362809670000,13.95003181404835,2.7900063628096703
0xC2fe422d6e8ED07D9417FFB2EAFD6A11890420b9,1.7084850642491581e+21,341697012849831640000,1708.485064249158,341.69701284983165
0xc325396eb51709fe0a10538d53Ac42E6372Fa980,20027960859832450000,4005592171966490000,20.02796085983245,4.00559217196649
0xc3397faa2a777f5Aea9d1d4d06b792cd5C9038Bd,60698355536184754000,12139671107236950000,60.698355536184756,12.13967110723695
0xC34b6C46C22e7B3a17DA194f97048F8fCbA49196,3.1572801541050975e+21,631456030821019500000,3157.2801541050976,631.4560308210196
0xC34cAEbA35edBA92Eb8338D3B55b2E5A9bb874DF,17562376592925653000,3512475318585130500,17.562376592925652,3.5124753185851305
0xc396F0E105a5Ce2c5B99912E284fBBbDc7EDB340,130923240834479540000,26184648166895907000,130.92324083447954,26.184648166895908
0xc3A46dD3b5Ad44282b546F70aA8B9e2Af1eED1ed,509674485581734740000,101934897116346940000,509.67448558173476,101.93489711634695
0xC3ac6c6a0ee6b395d03EB603006403b02c3BEfd8,66836223976071260000,13367244795214252000,66.83622397607125,13.367244795214251
0xC3eb81Bdc7FC9fe1BBb778c93df6b268069643A4,18780401245536100000,3756080249107220000,18.7804012455361,3.75608024910722
0xc4155c51c44eeCA8E17cc266FD004a0494E368E8,614557811549193800000,122911562309838750000,614.5578115491937,122.91156230983874
0xc4D50B986E3B6916E5BB90b448dA7729d89fe1c5,737618218120085800000,147523643624017150000,737.6182181200858,147.52364362401715
0xC5F66744024447573702D9445EFD2a24aCb36740,70087324878607460000,14017464975721492000,70.08732487860746,14.017464975721493
0xC65910C32C3b90D0b74dE2CEd994C5fE16b778A5,1.8785080158916586e+21,375701603178331700000,1878.5080158916585,375.7016031783317
0xC67d6B1f4A497a8b564962F44B80Da711b07b212,152391448987746760000,30478289797549350000,152.39144898774677,30.47828979754935
0xc6d5c1d5Df10855B04E4ed388B62503c779Fa010,118321441345338370,23664288269067670,0.11832144134533837,0.023664288269067673
0xC6F31Ed44E23B5058FD24AEc31a6E8298348A2E9,18551029449999614000,3710205889999922700,18.551029449999614,3.710205889999923
0xC789C1783086c82Bbea9361db70F8b8c7dd22Acc,259920612944443080000,51984122588888610000,259.92061294444306,51.98412258888861
0xC8ED3965fDc0a7AfF7b44e397F2607cb89676e55,51768998527624940000,10353799705524988000,51.76899852762494,10.353799705524988
0xc94Ea8349634B3D9fCA67a9C764CF169DBD3B231,436152361715689300000,87230472343137860000,436.1523617156893,87.23047234313786
0xC994ab5f96681fAcA00a5E52B6FbF629611E3666,1.6655760591357875e+21,333115211827157500000,1665.5760591357875,333.1152118271575
0xC9a184405AFd61315F3bA97DDA99620A1fdb7736,440380151304336700000,88076030260867330000,440.3801513043367,88.07603026086733
0xC9Acd134251F1F9e0533ce321bDA2eB813552AD8,48021983536884500000,9604396707376900000,48.0219835368845,9.6043967073769
0xca6415E6a29395d6fc975E43246cB5eAC24D0ce4,347423915356089750000,69484783071217950000,347.42391535608976,69.48478307121795
0xca9005F5b461090b00138159F4e0A72D2B126f76,172912253668372050000,34582450733674410000,172.91225366837205,34.58245073367441
0xCaa12b17FD4Ed0262EfeE2f22BC2713dB3d616e8,1.821724842968215e+21,364344968593643000000,1821.724842968215,364.344968593643
0xcBcb30e6E456fF35F964B6b7BBA47F222f42099a,35562468720638194000,7112493744127639000,35.56246872063819,7.112493744127638
0xcC5fB0B484e4ED1F3E67db5a8532fA178c2328b0,201458675588271770000,40291735117654350000,201.45867558827177,40.291735117654355
0xcc9bF833C4eaAFD2779568010784FF191E70d7d6,14942290235504810000,2988458047100962000,14.94229023550481,2.988458047100962
0xcCb7F8Fbb4138a5b75cE83a05fBF8905C2d283fc,3.2548928202303917e+22,6.509785640460783e+21,32548.928202303916,6509.785640460784
0xCe1AdFC258d969629cb2B47AeD6DCc3a6E306b40,326394099806018500000,65278819961203696000,326.39409980601846,65.2788199612037
0xcf360f8dF2147073C42Ab8556327C00eE2aD9Be8,260667995913436530000,52133599182687306000,260.6679959134365,52.133599182687306
0xcfd83b267457aAaE5E4942042CE4A5F147aE902e,2403887097312148000,480777419462429600,2.403887097312148,0.4807774194624296
0xd00643D4A67dbc304205034d610B6AF69e0893DB,97480159764951630000,19496031952990327000,97.48015976495164,19.496031952990325
0xd01D59d4dC7ffaD8620FC4E743b9B3a9498Fc1e3,252426077226564700000,50485215445312950000,252.4260772265647,50.485215445312946
0xD04B8a4bb507457f7aFBE705a710A88fF5cC1859,343019870610170250000,68603974122034050000,343.01987061017024,68.60397412203406
0xD09B0335614870173b0308D1E1799C97c4E84C83,487632783597455800000,97526556719491150000,487.6327835974558,97.52655671949115
0xd0a6Ee3109b7375822Eb1549d61dcc8c31d63703,23177042562263350000,4635408512452670000,23.177042562263352,4.6354085124526705
0xD1014D90F4DD622D4F9cAAe217f74107A91fe1B2,285080962071966970000,57016192414393390000,285.08096207196695,57.016192414393394
0xD12769c8aa96AA00820956f6133E896B41BFA793,136804507599768720000,27360901519953744000,136.80450759976873,27.360901519953742
0xD133329550c1eC605D964c0722BE0DA4EFd696F7,572544234454633700000,114508846890926740000,572.5442344546336,114.50884689092673
0xd160a51b07C0A5971868710697B7DE4521912b39,4702179945389031000,940435989077806300,4.702179945389031,0.9404359890778063
0xd18dB68A591caacbE8983E73EdC0F44419D6cA24,2.239560205409213e+21,447912041081842570000,2239.560205409213,447.9120410818426
0xD2050719eA37325BdB6c18a85F6c442221811FAC,817941589289948200,163588317857989630,0.8179415892899482,0.16358831785798963
0xD2129fbc59A674d36023B8257A9516bf1449FA64,5713302801945982000,1142660560389196400,5.713302801945982,1.1426605603891964
0xD22e8D4EbeabbA8718AcF9249A064F44C7de6eCF,21299471519671734000,4259894303934347000,21.299471519671734,4.259894303934347
0xD262CdDc25B534c7E9E627a5C7a267FFA80b71E1,476373213345735100,95274642669147020,0.4763732133457351,0.09527464266914702
0xD2fb7c4CB6658ccfd5bc6C908d8ae16DffEE2a82,22497581673464332000,4499516334692866600,22.49758167346433,4.499516334692866
0xD44C60Ce39Ff296656E1FC029788ac0Ccbe78A36,3904096093871101000,780819218774220200,3.904096093871101,0.7808192187742201
0xd47512824bE8f5b8B88d8BDCb7C31e8fFcf1de8f,7.902636020111749e+21,1.5805272040223497e+21,7902.636020111749,1580.5272040223497
0xD567BEd41377F8E162034c7B3bB7BfEfdf8d5281,4220002616658933000,844000523331786600,4.220002616658933,0.8440005233317867
0xD589be39A53ADA8119A89EBf139ff7C69d2c08d8,1.3201590672059424e+21,264031813441188460000,1320.1590672059424,264.0318134411885
0xD5FB680fc5c15b251142a5F149718856464E6aE0,420200606411349500000,84040121282269900000,420.2006064113495,84.04012128226991
0xD633107A93B368A60D98D09Ee6C7c4d3651f7BC5,342148319289426840000,68429663857885364000,342.14831928942687,68.42966385788536
0xd706a03d9034F959f2fA8C3453e74966804156A6,1.4050528067851825e+21,281010561357036500000,1405.0528067851824,281.01056135703647
0xd743a5Ade82cCF60109ED27deea984cf9c00c7D4,24923840244881375000,4984768048976275000,24.923840244881376,4.984768048976275
0xD80c638AadC834Cc5808c3D24CB0b9fd0Dfcf0c7,100753911542091380000,20150782308418277000,100.75391154209139,20.15078230841828
0xd80Fa556b785016914254fdb055E2EF4c89045c5,34002713351105690000,6800542670221138000,34.00271335110569,6.800542670221138
0xd8155E3d7A3210626e42dA48d5e07eE8EA4CE1B4,111950810325380200000,22390162065076040000,111.9508103253802,22.39016206507604
0xD8285dd7b277463acDff804F4C4fC8EbC4852a74,508595888389606340000,101719177677921270000,508.59588838960633,101.71917767792127
0xD83700340EE42840C591E9286f2fb8e127FFb5aF,400376572999203000000,80075314599840610000,400.376572999203,80.07531459984061
0xd8A2371964F0C33EA9b3112Ba0fBFC780727A06C,22733828546188540000,4546765709237708300,22.73382854618854,4.546765709237708
0xd92F107BC9E2ED265B3A8C6E1Bc14454f1bB0936,11543566792752759000,2308713358550551600,11.54356679275276,2.3087133585505515
0xd99d9aa2995CeA75F601A22DdAd07A54D3fB9A20,407989214616208540000,81597842923241700000,407.9892146162085,81.5978429232417
0xD9c6F048c08bCb24190C0FDE5BbC622f51F83469,20382211670738862000,4076442334147772400,20.38221167073886,4.076442334147773
0xda025c1d6715fA9845616124023e1A1141c4174F,1.276789656350747e+21,255357931270149400000,1276.789656350747,255.3579312701494
0xDa06eb686071E016963452D4FD2882f684E630C5,24626117814817360000,4925223562963472000,24.626117814817363,4.925223562963472
0xdA0AA04207B04Fd13ee33366d07cA1c177d612D4,105453925665031980000,21090785133006397000,105.45392566503197,21.0907851330064
0xDa217b4E57E627aEBadD2fCccF4415D967763974,22542026344284770000,4508405268856954000,22.54202634428477,4.508405268856954
0xDa25824eE511Fd8CBFCE7dC8B316820418A34A10,8.32764566783686e+21,1.6655291335673722e+21,8327.64566783686,1665.5291335673721
0xdA9937A2e7200DC86842Bc0a5f56c6B59Ad28F1c,60381868304307080000,12076373660861415000,60.381868304307076,12.076373660861416
0xDAc4C40Ca5F560Fb7AAA19e810BF0dA02E9A8655,31686645859214350000,6337329171842869000,31.686645859214348,6.337329171842869
0xdBeE065F00AD0954Ad4FC3B78483B9Dca0185C82,15673110309534958000,3134622061906991600,15.673110309534957,3.1346220619069918
0xdbfE5E94a0208C5324c7E4396DceBD312AF01B33,7379695508053262000,1475939101610652400,7.3796955080532625,1.4759391016106524
0xdc0709f59332c59e1eF605bbe79d57Ee74FB7AB0,22273798572364810000,4454759714472961500,22.273798572364807,4.454759714472962
0xDC1653EC3c57a54572B1388CD9d39fbA0C0e64F1,108678309257686550000,21735661851537310000,108.67830925768655,21.73566185153731
0xdC2De476eF79c8988F1c43f5237A16F5ED27d879,3.212633325594745e+21,642526665118949000000,3212.633325594745,642.526665118949
0xDC95CaC94531E92D36f5759D9A88E58edC185028,29913003699806347000,5982600739961269000,29.913003699806346,5.982600739961269
0xdE06030345b19BFbD587b289Fb3Cc55a38Bcdd7e,5839583330454274000,1167916666090855000,5.839583330454274,1.1679166660908549
0xde592c44c680300aB16c8C4743172d4F0BDD3A92,26017401170805090000,5203480234161018000,26.017401170805087,5.203480234161018
0xDEe676e09081428B907374a55D5a6688136cdAF9,184827919883145580000,36965583976629120000,184.82791988314557,36.96558397662912
0xdf141555a33ADc458eBbA78c2291FD522fA356Ea,1.6669486967708404e+21,333389739354168100000,1666.9486967708403,333.3897393541681
0xDF8c9957C13DD5903E4fd71D3ab280803d01503F,9714853802786980000,1942970760557396000,9.71485380278698,1.942970760557396
0xdFaA1D4330b616EC791c48dE1237687257Ee1614,285714503263139730000,57142900652627940000,285.7145032631397,57.142900652627944
0xdFAF910133858297789F42CdA3FD7d120aeB5F82,457514069513496900000,91502813902699380000,457.5140695134969,91.50281390269939
0xdfC9caEe977054124269363F3dB7B80029d9E458,14227945197308043000,2845589039461608400,14.227945197308044,2.8455890394616086
0xE10b91FF5B30Ed7Df1F727cE7E7987682811f199,552354355725689160000,110470871145137830000,552.3543557256892,110.47087114513783
0xe1CCF26dFDD963C55a2B49e166Fdd007B3537A58,348582745085162400000,69716549017032480000,348.5827450851624,69.71654901703248
0xE1e4cC521694f6e04800E5F7B27C8CfA87b1D293,348506238702834500000,69701247740566900000,348.5062387028345,69.7012477405669
0xE20E323Df5D1D3da34fC80d9e44bEcf80239cbB2,505764687207249700,101152937441449950,0.5057646872072498,0.10115293744144996
0xE21DfFEe1A9F4ecD82885b48e482b8811aE95319,128685450394284400000,25737090078856880000,128.6854503942844,25.73709007885688
0xe25CBe5a15CD469f614d79c476f0D1973874A816,32859896877637470000,6571979375527494000,32.85989687763747,6.571979375527493
0xE277B4D201b7a4Fe943519f7cfABc83B8aEE6177,15865462606199136000,3173092521239827500,15.865462606199136,3.1730925212398273
0xe2dd67db3365F8eb76ef48d76e4623Cfd73fE850,77405579864216340000,15481115972843268000,77.40557986421634,15.481115972843268
0xE321F3fbca5eb338fF1Cff8d72960Cc3d049E080,15874217131272618000,3174843426254523400,15.874217131272617,3.1748434262545233
0xe43B07aF54b8DE2e64f823a8c54076cD78351eDE,26115055839906103000,5223011167981221000,26.115055839906102,5.223011167981221
0xE47956066C8580C644155055041CFfa53AEd32f4,172201249966596950000,34440249993319390000,172.20124996659695,34.44024999331939
0xe4Cbd0a58E0290b97C89673f14c0FA24f738a8FB,267680259261477750000,53536051852295550000,267.6802592614778,53.53605185229555
0xe5705fE509C40f10031a79011910e7A9E847FA85,8291562390395027000,1658312478079005400,8.291562390395027,1.6583124780790055
0xe5d3A0edbB56C5Be4D1aa3678546E1fA925F8B55,317519422197781360000,63503884439556280000,317.51942219778135,63.50388443955627
0xE638457e697136e0bef0a12924a3edCdfDe80964,1045954820722986200,209190964144597250,1.0459548207229863,0.20919096414459726
0xE67fDe202e38a5D2952e02a02B3E636D7c903232,1.3996369005571217e+21,279927380111424320000,1399.6369005571216,279.9273801114243
0xe68B4DF58A43850D394277f3E3cce63693f03077,508832856263142900000,101766571252628590000,508.83285626314296,101.76657125262858
0xE6Ad4f64385e57E1D7f4F248B3F4ce092e5C696B,501396266399031000000,100279253279806200000,501.396266399031,100.2792532798062
0xE6c69e4b3d90ACB8B7DdBD0d87363de0eAf9bBaB,1.3540287342889874e+21,270805746857797500000,1354.0287342889874,270.8057468577975
0xe74f3f9A62aAdDef68a7372534b4ba811DE5DCf1,80820665363546140000,16164133072709229000,80.82066536354614,16.16413307270923
0xE793169cB075B12ED571F64818d21013642cC8b7,11522010100747004000,2304402020149400800,11.522010100747003,2.304402020149401
0xE7E0F85C3BD9DFE9842832B0d117EeD8D0B70Cc5,1.1536991529527214e+21,230739830590544280000,1153.6991529527213,230.73983059054427
0xe83f81379CAbB3B97DcF7aF9BBe1FCCbAFfea2b8,89634464630922770000,17926892926184554000,89.63446463092278,17.926892926184554
0xe84BF224fCA616A9f50563c9ABac4A83e299D8E1,1.7167057256823826e+22,3.433411451364765e+21,17167.057256823828,3433.411451364765
0xe866eD680B175e775dB41a1C3b9F2A0913E5F90a,134650222608011890000,26930044521602376000,134.6502226080119,26.930044521602376
0xE91A8Dba76f3E61643321f820a71D60B4FA275cd,287159126517522700000,57431825303504536000,287.1591265175227,57.43182530350454
0xe938e0Da9e8626483E4dee6Fa2Dd2aaD496B6D25,91370123928971940000,18274024785794388000,91.37012392897194,18.27402478579439
0xE9E970dB4F828d96B6c870F89f5e8C522f244e48,470447686888965300000,94089537377793050000,470.4476868889653,94.08953737779305
0xeA7A3A9Fa40D09483B85814Da730bB9FB0A132E9,3.430955207240813e+21,686191041448162600000,3430.955207240813,686.1910414481627
0xea83136C859368E450E55C48F9779a227D69Fcc5,61267101764136210000,12253420352827240000,61.26710176413621,12.25342035282724
0xeA8Fb2994637f44351400606116C1383425F1184,34280841011590070000,6856168202318014000,34.28084101159007,6.856168202318014
0xea955c1E9B7573e9CBF83800852e9c3d4Ba4e059,21212470957841610000,4242494191568321500,21.21247095784161,4.242494191568322
0xeAa85a610f7903A140721832A6e4b470342eC4ba,13576254614105563000,2715250922821113000,13.576254614105563,2.715250922821113
0xeB7E51F303dA70e7d88b38ff6c996DF22294Fdf0,14222170839354233000,2844434167870846500,14.222170839354233,2.8444341678708467
0xeB8fBBECfeDB683FBa9DD78eF1A411AEbcCe767b,11771743960415212000,2354348792083042300,11.771743960415211,2.354348792083042
0xEc4601c954410b63eD31346a8629d30F3B8f5542,459230344724478700000,91846068944895740000,459.2303447244787,91.84606894489573
0xec86fd80b1Bc240f501cEE577E283790dcd5043B,32146743872609313000,6429348774521862000,32.14674387260931,6.429348774521862
0xeCc3a656835eeb4154BeF7695084a1d8EC922a88,514745074279173200000,102949014855834630000,514.7450742791732,102.94901485583463
0xECE0E3A96CEA92A802932a3fA5b950AB6E5cbe3c,51252068757149370000,10250413751429874000,51.25206875714937,10.250413751429873
0xeCE9D5E60Ff8f715F3B5669496b5948F9374aC67,221853565367450800000,44370713073490160000,221.85356536745078,44.37071307349016
0xED1eEB19B988f0692452a02F6C3c91BA2bb938e8,3.757272908995116e+21,751454581799023100000,3757.272908995116,751.4545817990231
0xeD58A6403570764646466aaa7Eec206938859B6f,2373918597283639300,474783719456727900,2.373918597283639,0.47478371945672787
0xed9c5aFCD4315341dA38dD32bD16fBebc83d4c1c,2.268253856815002e+21,453650771363000350000,2268.253856815002,453.65077136300033
0xEe275D6350839572fD5a4f08B49Dc8bbfC6Be42b,9129086596987590000,1825817319397517800,9.12908659698759,1.8258173193975178
0xeE7009cD601eAa0bfDed350796171970C6D73A60,4379243649532975000,875848729906595100,4.379243649532975,0.8758487299065951
0xef0d3e50975807a71A45101C08fd7E6b309aD86E,273083211311682000,54616642262336400,0.273083211311682,0.0546166422623364
0xeF28877cec189cfdC4d348FaE0f3c9906497aE9C,477236570287435700000,95447314057487140000,477.23657028743565,95.44731405748713
0xeFff10fB969245fC7dd531B355d5511340aA9DdF,227085734061191200000,45417146812238240000,227.0857340611912,45.417146812238244
0xF0384Aa0C62D3961f38D462B1B5c8A7B113e8B7E,248351722520310250000,49670344504062050000,248.35172252031026,49.67034450406205
0xF04510727b019F8b06244a4a5912F4C1e01063F5,5252154783429705000,1050430956685941000,5.252154783429705,1.0504309566859409
0xF0777f36114b6DB368d8baed0402cfc3d6879e2f,116144394316428510000,23228878863285703000,116.1443943164285,23.228878863285704
0xf0E63A08fAe486Bf829B61912c6F3De4F4014635,216028504883451270000,43205700976690250000,216.02850488345126,43.20570097669025
0xf10762436C52a7aD0a4d3930985910AdbeA7d1Ed,29998603060472070000,5999720612094414000,29.99860306047207,5.999720612094414
0xf128F445062f599E15539E0614Bbdd49552CAC58,3.3132888721539355e+21,662657774430787100000,3313.2888721539357,662.6577744307871
0xf1493F7434FA5e5FbeB5038eB392f27321b49C7d,247168912174546980000,49433782434909400000,247.168912174547,49.433782434909396
0xF15e476690dDAE58aBcde26cbB60dF12AAfb31ed,198920903965412500000,39784180793082495000,198.9209039654125,39.7841807930825
0xf17ef5feffd6638d829F7Df224282e09dFBdB1CB,91923573427744950000,18384714685548990000,91.92357342774496,18.38471468554899
0xF1cbcB470791dB452105f9e78859b8904E535064,3.71982527419073e+21,743965054838146100000,3719.82527419073,743.9650548381461
0xF1fF1dE1B4Bd32b9482e13611c7dbDD10F79DbB8,19554422410228270000,3910884482045654000,19.55442241022827,3.910884482045654
0xF26ec4090f7F252Eeef546b4d6CaCa7ea020b159,214917756270606420000,42983551254121280000,214.91775627060642,42.98355125412128
0xf2f0c4F17fA3073307B7D76Dc7d19b7cC0c0fc3C,325869746750949160000,65173949350189834000,325.86974675094916,65.17394935018983
0xf30A6a6Bac73E9F6FD132C20CF4E6Bf0388BEbfa,51596349778032880000,10319269955606575000,51.59634977803288,10.319269955606575
0xF3735bE19F41E9915D8b079dd26Ef503BEA68c24,4.565073353651227e+21,913014670730245400000,4565.073353651227,913.0146707302455
0xf4dcdd2838295d56559819903F92e9a3907274a8,230717051630270800000,46143410326054160000,230.71705163027082,46.14341032605416
0xf529F70aFa8523014F5549a39891742C8F550479,66483862238575990000,13296772447715199000,66.483862238576,13.296772447715199
0xf54D861d47f50258704f2bB0260e5F1365376Cc6,297158610591217940000,59431722118243590000,297.15861059121795,59.43172211824359
0xF647693FBeC963D59d74B8afebDE985892FD7fAb,1.6137801975686494e+21,322756039513729860000,1613.7801975686493,322.75603951372983
0xf67a88c2CFd103c00cc1c167f036679f916A8267,231663416377170200000,46332683275434040000,231.6634163771702,46.33268327543404
0xf6ac05f85007509658b74Ff43a4360fF08Df5874,78745611612189090,15749122322437818,0.07874561161218908,0.015749122322437817
0xF7064A16bEA99eaE08aD8321e97946cd52E4a88B,264983548261121330000,52996709652224260000,264.9835482611213,52.99670965222426
0xf80a8bc3387E8C5FdbB8185dA82ed08f3589a76D,6254076035869146000,1250815207173829000,6.254076035869146,1.2508152071738292
0xF82bBA2a92BCc92C3c00DEd151dBAF55392BBAA2,197590534995263460000,39518106999052690000,197.59053499526345,39.51810699905269
0xf84c557703Af10b4aD2f25Bc92Cb574BF7a041Fa,146105902368427870000,29221180473685574000,146.10590236842788,29.221180473685575
0xf86a7A6A652eA139b3498b7b1361Daa4Ce1D9390,8169987522663782000,1633997504532756500,8.169987522663783,1.6339975045327564
0xf87bb0B17330919D2d88EeB59A8C8F3d4AC01041,69701375117130750,13940275023426150,0.06970137511713075,0.01394027502342615
0xf8951df00a99e752d38C2101e7C4993d41Cf2767,45675651073833420000,9135130214766684000,45.67565107383342,9.135130214766685
0xF8aB1BE501da9e5AA901B14BdBCbb1aA90a56c97,710506724732109600000,142101344946421920000,710.5067247321095,142.10134494642193
0xF923560Ef6d74d310534fb45aE2226a8Ea325b03,86453046857752900000,17290609371550580000,86.45304685775291,17.29060937155058
0xF952402339Dd781848aa12bc714Db9711475eEB7,203409370071270980000,40681874014254195000,203.40937007127098,40.68187401425419
0xf971815DC6Be304DbB4b45fFc85622ea2121D95D,12812302908170953000,2562460581634190300,12.812302908170953,2.5624605816341903
0xF99be3A6b33Ab534388595C9d244bd1c4e336Cf9,22648070484870370000,4529614096974074000,22.64807048487037,4.529614096974074
0xFa1Ca68c8F1AB0a31786227427E986074Bf24C39,3360560691362359300,672112138272471800,3.3605606913623594,0.6721121382724718
0xfA4bf0fFBF36B6A05f41CFCf79aC8154Ca79EAa4,25124074133921710000,5024814826784342000,25.12407413392171,5.024814826784342
0xfA799Cb0Ee23aabF72E2634f93f3d7cc4F6cc872,20696905142656170000,4139381028531234300,20.69690514265617,4.1393810285312345
0xFAa69F06776d20e5354FDB987C323F7F037b75Bf,97141966923554160000,19428393384710832000,97.14196692355416,19.428393384710834
0xfaE8A4d08f596b3380Cd1E729081268D3EC9BbC5,2766618893146334700,553323778629266940,2.766618893146335,0.553323778629267
0xfb6eA6786B7c3fe9Cfe7F6D1CCc4481EAF5AC745,2625380707368072700,525076141473614500,2.625380707368073,0.5250761414736145
0xFB7E8e35ED20e9c065cea631ee44143BA5C18521,741071316286112100,148214263257222430,0.7410713162861121,0.14821426325722242
0xFB8bA8Ce19C8675b43b89715E49f59676f501209,384268504147555700000,76853700829511140000,384.2685041475557,76.85370082951114
0xfBce152cfe608DBABCAeD0658E4424283D62a8c9,626798544229190300000,125359708845838070000,626.7985442291904,125.35970884583807
0xFC134D619d5cea13eEC10BE468fCbC828174e27d,32768,6553.6,3.2768e-14,6.553600000000001e-15
0xFC4fa5A84E589c18cc02C6491567c6f5AEa393F2,11771607707454974000,2354321541490994700,11.771607707454974,2.354321541490995
0xfD273251AaC116acE0eCdd0B96D023125A7f8f7d,4521418563359200000,904283712671840000,4.5214185633592,0.90428371267184
0xFd3eD4db21E780526f352668a16D6657E2E30452,196600813353266300000,39320162670653260000,196.60081335326632,39.32016267065326
0xfe516D4a0e45053B1951af3b5b9E93bE0007A387,7.229037264070409e+21,1.4458074528140818e+21,7229.037264070409,1445.807452814082
0xFe734f8dfb7bA8E4c2bdeA5563BD7F18131BE135,35522301008197976000,7104460201639595000,35.52230100819798,7.104460201639595
0xff786810e53498681f5ABe9f6D3d5F1708601D0a,68991054538526950000,13798210907705390000,68.99105453852695,13.79821090770539
